Track Name,Artist Name(s),Album Name,Release Date,Popularity,Explicit,Added At,Genres,Current_Playlists,In_Liked,Danceability,Energy,Valence,Acousticness,Instrumentalness,Speechiness,Tempo,Loudness,Record Label
Act Like You Know,Fat Larry's Band,Breakin' Out,1982-01-01,57,false,2023-12-26T16:02:49Z,"soul de philadelphie,post-disco,funk",Anniversaire_Stéph_,non,0.746,0.781,0.843,0.24,0.00000318,0.125,103.303,-7.701,UNIDISC MUSIC INC.
Action,Yann,Action,2022-06-30,0,false,2024-02-10T19:17:11Z,pop française,,oui,0.875,0.561,0.414,0.0214,0.337,0.059,119.042,-11.379,iMD-KINGCHEFS AND DRAGQUEENS
Ain't No Stoppin' Us Now,McFadden & Whitehead,McFadden & Whitehead,1979-05-01,61,false,2023-12-26T16:02:49Z,"soul de philadelphie,disco",Anniversaire_Stéph_,non,0.678,0.688,0.887,0.0611,0,0.0544,114.098,-7.83,Legacy Recordings
And the Beat Goes On,The Whispers,The Whispers / Happy Holidays to You,1979-01-01,59,false,2023-12-26T16:02:49Z,"post-disco,quiet storm,soul classique,funk,disco",Anniversaire_Stéph_ | Anniversaire_Stéph_,non,0.8,0.608,0.841,0.0711,0.000361,0.112,113.196,-9.777,Castle Communications
Back & Forth,Aaliyah,Age Ain't Nothing But A Number,1994-05-22,63,false,2023-12-26T16:02:49Z,"r&b,r&b contemporain",Anniversaire_Stéph_,non,0.706,0.727,0.903,0.0698,0.00000531,0.0317,92.938,-8.06,Jive
Back To Life,Soul II Soul;Caron Wheeler,Keep On Movin',1989-01-01,70,false,2023-12-26T16:02:49Z,new jack swing,Anniversaire_Stéph_,non,0.817,0.484,0.671,0.0515,0.000213,0.143,100.978,-11.659,Virgin
Bang!,AJR,Bang!,2020-02-12,1,false,2025-02-18T08:47:10Z,,Taff,non,0.74,0.516,0.698,0.0183,0,0.0507,139.918,-6.233,S-Curve Records
Be Free,Brocklesby Crooke;Kairos Kilt,Tropical Indie,2016-09-09,0,false,2023-12-26T16:24:12Z,,Feel_good,non,0.747,0.782,0.507,0.00174,0.000163,0.0551,104.991,-8.519,Extreme Music
Beats,AJR,Neotheater,2019-04-26,0,false,2025-02-18T08:47:10Z,,Taff,non,0.59,0.682,0.665,0.0198,0,0.0564,125.055,-7.223,BMG Rights Management (US) LLC
Birthday Party,AJR,Neotheater,2019-04-26,0,false,2025-02-18T08:47:10Z,,Taff,non,0.707,0.462,0.547,0.0732,0,0.117,83.994,-6.696,BMG Rights Management (US) LLC
Car Radio,Twenty One Pilots,Vessel,2013-01-08,71,false,2025-02-18T08:47:34Z,,Taff,non,0.766,0.519,0.612,0.098,0,0.0366,129.972,-7.355,Fueled By Ramen
Cheerleader (Felix Jaehn Remix) - Radio Edit,OMI;Felix Jaehn,Me 4 U,2015-10-16,84,false,2023-12-26T16:26:33Z,tropical house,Throwback,non,0.782,0.685,0.603,0.166,0.0000118,0.0309,118.02,-6.237,"Ultra Records, LLC"
Choker,Twenty One Pilots,Scaled And Icy,2021-05-21,64,false,2025-02-18T08:47:34Z,,Taff,non,0.7,0.664,0.585,0.306,0.0000189,0.0394,142.009,-8.211,Fueled By Ramen
Cut My Lip,Twenty One Pilots,Trench,2018-10-05,62,false,2025-02-18T08:47:34Z,,Taff,non,0.641,0.561,0.678,0.12,0.0021,0.0355,111.938,-5.856,Fueled By Ramen
Dance You Outta My Head,Cat Janice,Dance You Outta My Head,2024-01-19,59,true,2024-02-29T12:24:45Z,,A&P,non,0.751,0.712,0.598,0.0608,0,0.0548,115.966,-7.181,Cat Janice
Dancin' (A Catchy Rhythm),Sue Ann Carwell;Joey Diggs,Pure Disney,2008-01-01,32,false,2023-12-26T16:24:45Z,,Movie_night,non,0.681,0.651,0.648,0.233,0,0.0451,121.979,-12.201,EMI Catalogue
Dancing with my phone,HYBS,Making Steak,2022-09-01,64,true,2023-12-26T17:57:00Z,,A&P,non,0.834,0.586,0.878,0.439,0.083,0.0267,102.048,-8.278,JUICEY
Dancing With My Phone - Nino Remix,HYBS;Ben Bizzy;NINO,COLDCUTS (Remix),2023-06-01,23,true,2023-12-26T16:23:54Z,"hip-hop thaïlandais,trap thaïlandaise,pop thaïlandaise,t-pop",Ballad,non,0.797,0.524,0.639,0.0886,0.000821,0.0685,93.014,-7.618,JUICEY
"Don't Kill Yourself, You'll Die Anyway",sailor鄧mel,"Don't Kill Yourself, You'll Die Anyway",2023-10-09,26,true,2024-05-14T17:08:36Z,,,oui,0.856,0.696,0.915,0.111,0,0.125,128.082,-7.889,sailor鄧mel
Don't Stop The Music,Rihanna,Good Girl Gone Bad: Reloaded,2008-06-02,87,false,2023-12-26T16:26:33Z,,Throwback,non,0.834,0.669,0.547,0.0341,0.0000718,0.0637,122.669,-5.582,Def Jam Recordings
Doubt,Twenty One Pilots,Blurryface,2015-05-15,80,false,2025-02-18T08:47:34Z,,Taff,non,0.719,0.645,0.69,0.121,0.00316,0.0358,123.02,-6.141,Fueled By Ramen
Drag,St Graal,Le cœur qui cogne,2023-03-31,36,false,2023-12-26T16:26:04Z,"pop française,pop française indie",My_Top_2023 | Soirée_Parisienne | Soirée_Parisienne,non,0.666,0.609,0.584,0.139,0,0.0575,112.979,-6.58,Glory Box Music
Drugs,Adam Jensen,Drugs,2016-08-05,39,false,2024-01-04T15:49:22Z,,,oui,0.763,0.498,0.625,0.216,0.00000186,0.0556,104.945,-5.659,Nettwerk Music Group
Dummy,Portugal. The Man,Chris Black Changed My Life,2023-06-23,59,false,1970-01-01T00:00:00Z,,Daily_Mix_3,non,0.747,0.649,0.774,0.0139,0.00333,0.0419,91.05,-5.807,Atlantic Records
Dégâts,The Doug,Mauvais Joueur,2023-02-24,32,false,2023-12-26T16:26:18Z,"pop française,variété française,pop française indie",Soirée_Parisienne,non,0.724,0.663,0.777,0.229,0.0000311,0.0477,80.041,-7.032,Universal Music Division Barclay
Déjà Venise,Clio,Déjà Venise,2019,0,false,2023-12-26T17:58:00Z,"pop française indie,pop française",A&P | Soirée_Parisienne,non,0.874,0.494,0.607,0.176,0.0021,0.0894,110.002,-11.659,uGo&Play
EP. 1: Adult,Ian McConnell,Season 1,2022-07-07,41,true,2024-01-04T15:49:22Z,,,oui,0.864,0.582,0.86,0.0899,0,0.164,93.025,-6.077,Ian McConnell
everything sucks,vaultboy,everything sucks,2021-08-06,22,true,2023-12-26T16:26:27Z,,Therapy,non,0.76,0.371,0.653,0.00772,0,0.0531,138.023,-8.964,Fast Friends
Eyes Closed,Imagine Dragons,LOOM,2024-06-28,71,false,2025-02-18T08:47:23Z,,Taff,non,0.718,0.68,0.496,0.0401,0.000344,0.0682,86.997,-7.234,KIDinaKORNER/Interscope Records
Fake You Out,Twenty One Pilots,Vessel,2013-01-08,65,false,2025-02-18T08:47:34Z,,Taff,non,0.84,0.608,0.727,0.248,0.00000125,0.0458,115.012,-6.176,Fueled By Ramen
Fools,ufo ufo,Fools,2018-12-07,50,false,1970-01-01T00:00:00Z,,Daily_Mix_3,non,0.702,0.603,0.717,0.168,0,0.0599,106.024,-6.833,Volcano Of Sound
Fresh,Kool & The Gang,Emergency (Reissue),1984-11-15,71,false,2023-12-26T16:02:49Z,"disco,funk",Anniversaire_Stéph_,non,0.838,0.381,0.95,0.00912,0.0988,0.0351,117.708,-16.867,Mercury Records
Get Down Saturday Night,Oliver Cheatham,Saturday Night (Expanded Edition),1983-01-01,61,false,2023-12-26T16:02:49Z,"disco,funk,post-disco",Anniversaire_Stéph_,non,0.898,0.501,0.939,0.0506,0.048,0.0555,116.733,-13.99,Geffen
Gimme! Gimme! Gimme! (A Man After Midnight),ABBA,Voulez-Vous,1979,84,false,2024-02-24T16:36:37Z,,Anniversaire_Stéph_,non,0.749,0.491,0.536,0.02,0.00899,0.0403,119.528,-9.655,Polar Music International AB
GIRL LIKE ME,Black Eyed Peas;Shakira,TRANSLATION,2020-11-02,81,true,2023-12-26T16:24:04Z,pop latino,E_&_P,non,0.965,0.485,0.312,0.0206,0.0237,0.191,124.025,-8.784,Epic
Give Me the Night,George Benson,Give Me the Night,1980,72,false,2023-12-26T16:02:49Z,"jazz relax,yacht rock,jazz funk,soul jazz",Anniversaire_Stéph_,non,0.835,0.765,0.855,0.475,0.0692,0.0681,110.282,-7.831,Rhino/Warner Records
Golden,Jill Scott,Beautifully Human: Words and Sounds Vol. 2,2004-08-31,59,false,2025-08-17T11:06:02Z,"neo soul,quiet storm",,oui,0.774,0.571,0.593,0.257,0,0.114,99.994,-6.162,"Hidden Beach Records, LLC"
Happy to Be Here,Wookiefoot,Writing on the Wall,2021-10-31,49,false,2023-12-26T16:24:12Z,jam band,Feel_good | Motivation,non,0.789,0.512,0.66,0.0145,0.00000313,0.123,170.074,-8.833,Wookiefoot
Hawaiian Roller Coaster Ride,Mark Keali'i Ho'omalu;Kamehameha Schools Children's Chorus,Lilo And Stitch Original Soundtrack,2002-01-01,57,false,2023-12-26T16:24:45Z,,Movie_night,non,0.693,0.587,0.892,0.224,0.0000846,0.0296,114.6,-9.64,EMI Marketing
Hearts A Mess,Gotye,Like Drawing Blood,2006-05-21,0,false,2024-11-28T11:40:14Z,,,oui,0.789,0.524,0.538,0.0701,0.262,0.0368,125.023,-9.542,Samples N Seconds/Republic
Heathens,Twenty One Pilots,Heathens,2016-06-16,84,false,2023-12-26T16:02:49Z,,Anniversaire_Stéph_ | Taff,non,0.732,0.396,0.548,0.0841,0.0000358,0.0286,90.024,-9.348,Atlantic Records
Hey Oh - Radio Edit,Tragédie,Tragédie (Édition Deluxe),2003-12-01,63,false,2023-12-26T16:02:49Z,r&b français,Anniversaire_Stéph_,non,0.93,0.376,0.883,0.00342,0,0.0732,94.999,-6.666,Warner (France)
Higher Ground,Imagine Dragons,Mercury - Acts 1 & 2,2022-07-01,53,false,2025-02-18T08:47:23Z,,Taff,non,0.694,0.657,0.61,0.0411,0,0.0994,122.208,-6.278,Kid Ina Korner / Interscope
Hole in the Bottom of My Brain,AJR,The Maybe Man,2023-11-10,49,false,2025-02-18T08:47:10Z,,Taff,non,0.748,0.602,0.641,0.0502,0,0.0505,124.04,-6.337,Mercury Records / Republic Records
House of Gold,Twenty One Pilots,Vessel,2013-01-08,69,false,2025-02-18T08:47:34Z,,Taff,non,0.68,0.693,0.851,0.445,0,0.0435,114.948,-7.234,Fueled By Ramen
I Guess,Saint Levant;Playyard,I Guess,2022-12-12,52,true,2024-01-04T15:49:22Z,hip-hop arabe,,oui,0.646,0.461,0.499,0.219,0.000218,0.167,69.815,-10.347,2048 LLC
I Hope You Die in a Fire,Grand Commander,I Hope You Die in a Fire,2018-11-26,49,false,2024-05-08T10:28:07Z,,,oui,0.707,0.633,0.651,0.0297,0.285,0.0241,92.966,-9.276,GCoHQ
I Wanna Go,Britney Spears,Femme Fatale (Deluxe Version),2011-03-28,70,false,2023-12-26T16:26:33Z,pop,Throwback,non,0.696,0.546,0.787,0.00379,0.0000038,0.0414,130.002,-6.55,Jive
Initials B.B.,Serge Gainsbourg,Initials B.B.,1968-01-01,47,false,2024-07-29T13:13:25Z,"chanson,variété française,pop française,jazz français,house française",,oui,0.498,0.505,0.797,0.018,0.107,0.0337,101.801,-12.475,Universal Music Division Mercury Records
Instant SOS,Ilo Navahy,Instant SOS,2025-05-22,40,false,2025-07-02T11:18:40Z,,,oui,0.802,0.457,0.449,0.28,0.000666,0.0373,104.929,-9.91,Ilo Navahy
J'ai plus peur,TOMASI;Yoa,Adulescent Fluorescent,2023-05-10,40,false,2024-04-10T14:07:49Z,"pop française indie,pop française",A&P | Musique_du_dimanche,non,0.722,0.72,0.543,0.0345,0.00178,0.114,129.996,-7.155,Clairvoyant Records
Je Voudrais Déjà être Roi,Dimitri Rougeul;Melinda Attia;Michel Prudhomme,The Lion King: Special Edition Original Soundtrack (French Version),2003-01-01,53,false,2023-12-26T16:24:45Z,,Movie_night,non,0.681,0.618,0.852,0.338,0.0000377,0.0819,98.947,-10.318,Disney Records (Europe)
Killer,HYBS,Making Steak,2022-09-01,58,false,2024-01-06T12:07:49Z,,A&P | Musique_du_dimanche,oui,0.746,0.444,0.565,0.133,0.0063,0.0294,95.486,-7.987,JUICEY
Killing Me,Jacob Whitesides,Killing Me,2017-10-27,0,false,2024-01-04T15:49:22Z,,,oui,0.654,0.586,0.561,0.123,0.000013,0.105,74.983,-6.62,Jacob Whitesides
Knee Socks,Arctic Monkeys,AM,2013-09-09,78,false,1970-01-01T00:00:00Z,"indie,garage rock",Daily_Mix_1,non,0.665,0.542,0.587,0.123,0.00291,0.033,97.975,-8.323,Domino Recording Co
Le cœur qui cogne,St Graal,Le cœur qui cogne,2023-03-31,37,false,2023-12-26T16:26:04Z,"pop française,pop française indie",My_Top_2023 | Soirée_Parisienne,non,0.794,0.566,0.631,0.175,0.0463,0.0434,125.038,-8.288,Glory Box Music
"Let Me Move You - From the Netflix film ""Work It""",Sabrina Carpenter,Let Me Move You (From the Netflix film Work It),2020-07-24,55,false,2023-12-26T16:24:04Z,pop,E_&_P,non,0.624,0.628,0.772,0.0112,0.0191,0.0408,114.556,-6.582,Hollywood Records
Let's Groove,"Earth, Wind & Fire",Raise!,1981-11-14,83,false,2023-12-26T16:02:49Z,"funk,disco",Anniversaire_Stéph_,non,0.869,0.648,0.9,0.121,0.0000217,0.0633,125.035,-8.698,Legacy Recordings
Level of Concern,Twenty One Pilots,Scaled And Icy (Livestream Version),2021-11-19,61,false,2025-02-18T08:47:34Z,,Taff,non,0.754,0.581,0.745,0.323,0.000168,0.0433,122.012,-7.338,Fueled By Ramen
Life Itself,Glass Animals,How To Be A Human Being,2016-08-26,64,false,2024-11-21T11:54:11Z,,,oui,0.699,0.67,0.556,0.0147,0.22,0.0347,111.988,-6.219,Wolf Tone
madame,Nikola,20 hivers et 1 printemps,2023-03-03,24,false,2023-12-26T16:26:18Z,pop française,Soirée_Parisienne,non,0.823,0.42,0.666,0.182,0,0.069,132.009,-6.998,ZETA MNE
MAMACITA,Black Eyed Peas;Ozuna;J. Rey Soul,MAMACITA,2020-04-10,63,true,2023-12-26T16:24:04Z,"reggaeton,trap latino,latino,urbano latino",E_&_P,non,0.894,0.635,0.428,0.193,0.00105,0.0473,105.013,-6.929,Epic
Masterpiece (Club Remix),Able Heart,Masterpiece (Club Remix),2024-02-16,0,false,2024-03-27T12:50:58Z,,,oui,0.893,0.769,0.779,0.000927,0.00427,0.0432,127.047,-8.063,Able Heart Music LLC
MAUVAIS,Zaoui,MAUVAIS DÉMONS,2022-06-17,38,false,2023-12-26T16:26:04Z,"pop française,pop française indie,variété française,house française",My_Top_2023 | Soirée_Parisienne,non,0.708,0.633,0.689,0.0138,0,0.0732,97.98,-6.389,Wagram Music / 3ème Bureau
Mix 2 - Mecandance,Mecandance,Nacho Cano Presenta MECANDANCE,2010-10-11,5,false,2023-12-26T16:26:22Z,,Spanish,non,0.794,0.595,0.629,0.00277,0.0519,0.0668,129.984,-10.624,Sony Music Entertainment
Morph,Twenty One Pilots,Trench,2018-10-05,65,false,2025-02-18T08:47:34Z,,Taff,non,0.734,0.607,0.518,0.0747,0.000577,0.0806,90.023,-7.249,Fueled By Ramen
MOTHER ATE,Jane Bell,MOTHER ATE,2024-03-22,46,true,2025-06-06T15:09:06Z,,,oui,0.817,0.577,0.878,0.00131,0,0.133,126.009,-10.036,simplytarable
Mourir sur scène,Dalida,40 succès en or,1997-01-01,54,false,2023-12-26T16:26:04Z,"variété française,chanson",My_Top_2023 | Soirée_Parisienne,non,0.663,0.711,0.769,0.25,0,0.0566,125.562,-7.655,Universal Music Division Barclay
Mud Blood,Loïc Nottet,Selfocracy,2017-03-31,40,false,2024-01-04T15:49:22Z,,,oui,0.734,0.521,0.707,0.0649,0,0.0417,107.065,-5.371,Jive Epic
Nasty,Tinashe,Nasty,2024-04-12,67,false,2024-06-10T15:18:59Z,r&b alternatif,,oui,0.931,0.411,0.515,0.165,0.00000526,0.0711,100.002,-8.433,"Tinashe Music Inc., under exclusive license to Nice Life Recording Company"
No Grass Today,AJR,The Click (Deluxe Edition),2018-09-21,0,false,2025-02-18T08:47:10Z,,Taff,non,0.701,0.546,0.582,0.233,0,0.0395,92.025,-4.823,AJR Productions
Nuit de folie,Début De Soirée,Jardins d'enfants (Expanded Edition),1989-01-01,59,false,2023-12-26T16:02:49Z,variété française,Anniversaire_Stéph_,non,0.77,0.815,0.962,0.0401,0.00000174,0.041,121.958,-10.093,Musiques & Solutions / M&S
Obsesion,Aventura;Judy Santos,We Broke The Rules,2002-06-01,84,false,2023-12-26T16:24:21Z,bachata,Latino,non,0.804,0.56,0.768,0.416,0,0.0397,133.682,-6.912,Premium Latin Music
ON EST LES MÊMES,Bagarre,LE CLUB C'EST VOUS,2024-03-29,27,false,2024-05-12T11:38:00Z,"pop française indie,pop française",J&P,oui,0.752,0.595,0.605,0.106,0.0000258,0.0459,122.994,-8.55,Nous sommes Bagarre
One Of Your Girls,Troye Sivan,Something To Give Each Other,2023-10-13,75,false,2024-01-04T15:49:22Z,,,oui,0.635,0.648,0.8,0.101,0.00426,0.0548,93,-7.78,EMI Recorded Music Australia Pty Ltd
Only Human,Jonas Brothers,Happiness Begins,2019-06-07,73,false,2023-12-26T16:24:04Z,,E_&_P,non,0.795,0.496,0.873,0.107,0,0.0721,94.01,-5.883,Jonas Brothers Recording
Outgrow Me.,Yavin,Outgrow Me.,2022-09-16,1,false,2023-12-26T16:26:27Z,,Therapy,non,0.782,0.522,0.538,0.0286,0.0000126,0.054,109.014,-6.977,Yavin
Papi Chulo... Te Traigo El Mmmm - Radio Version,Lorna,Papi Chulo... Te Traigo El Mmmm,2003-05-10,58,false,2024-10-18T17:32:09Z,house latino,J&P,non,0.851,0.797,0.676,0.00461,0.00000616,0.103,109.984,-8.4,Altra Moda Music
Pon de Replay,Rihanna,Music Of The Sun,2005-08-29,83,false,2023-12-26T16:26:33Z,,Throwback,non,0.779,0.64,0.499,0.000155,0.000766,0.159,99.017,-8.415,Def Jam Recordings
Poupée Russe,Lujipeka,Poupée Russe,2021-07-15,50,true,2023-12-26T16:26:18Z,rap français,Soirée_Parisienne,non,0.83,0.59,0.8,0.246,0.000479,0.0552,129.887,-6.978,Universal Music Division Romance Musique
Power To The People - Remastered 2010,John Lennon,Signature Box,2010-10-05,42,false,2023-12-26T16:26:33Z,noel,Throwback,non,0.612,0.694,0.739,0.00691,0,0.0531,113.159,-9.326,EMI Catalogue
Rather Be (feat. Jess Glynne),Clean Bandit;Jess Glynne,Rather Be (feat. Jess Glynne),2014-01-17,76,false,2023-12-26T16:26:33Z,,Throwback,non,0.799,0.586,0.549,0.162,0.00000203,0.0377,120.97,-6.735,Atlantic Records
Record Player (with AJR),Daisy the Great;AJR,Record Player (with AJR),2021-08-31,59,false,2025-02-18T08:47:10Z,,Taff,non,0.665,0.684,0.927,0.247,0,0.106,73.986,-7.049,S-Curve Records
Regulate,Warren G;Nate Dogg,Regulate… G Funk Era,1994-06-07,73,true,2023-12-26T16:02:49Z,"g-funk,hip-hop west coast,hip-hop old school,gangster rap",Anniversaire_Stéph_,non,0.849,0.521,0.763,0.304,0.00000165,0.216,95.265,-12.999,Island Records
Rhythm Is a Dancer,SNAP!,The Madman's Return,1992-01-01,76,false,2023-12-26T16:02:49Z,eurodance,Anniversaire_Stéph_,non,0.757,0.652,0.862,0.214,0.257,0.0333,124.369,-14.916,BMG Rights Management GmbH
Ripe,FLAVIA,Suck My Feminism (Deluxe),2021-10-29,0,false,2024-01-04T15:49:22Z,,,oui,0.789,0.516,0.522,0.0144,0.0000084,0.0704,117.025,-8.371,FLAVIA SPEAKS LLC
SexyBack (feat. Timbaland),Justin Timberlake;Timbaland,FutureSex/LoveSounds,2006-09-12,87,true,2023-12-26T16:26:33Z,,Throwback,non,0.967,0.583,0.964,0.0584,0,0.0789,117,-5.562,Jive
Si No Estás - Remix,Iñigo Quintero;Dj Steven;Steven Farias,Si No Estás (Remix),2023-12-04,0,false,2023-12-26T16:26:22Z,,Spanish,non,0.815,0.858,0.722,0.122,0.0000174,0.0822,100.037,-8.811,1185 Steven Farias
Smithereens,Twenty One Pilots,Trench,2018-10-05,64,false,2025-02-18T08:47:34Z,,Taff,non,0.764,0.548,0.519,0.296,0.0000101,0.14,151.02,-7.627,Fueled By Ramen
So Young,Portugal. The Man,Woodstock,2017-06-16,67,false,1970-01-01T00:00:00Z,,Daily_Mix_3,non,0.671,0.445,0.811,0.348,0.0000593,0.0291,75.996,-7.842,Atlantic Records
Somebody Else's Guy,Jocelyn Brown,Somebody Else's Guy,1984-01-01,62,false,2023-12-26T16:02:49Z,,Anniversaire_Stéph_,non,0.745,0.728,0.623,0.00353,0.0011,0.0574,103.015,-9.843,UNIDISC MUSIC INC.
Something I Need,OneRepublic,Native,2013-01-01,63,false,2024-01-04T15:49:22Z,soft pop,,oui,0.683,0.591,0.628,0.134,0,0.0314,98.986,-6.955,Mosley / Interscope
Southern Ocean,The Forms,Southern Ocean - Single,2021-06-22,9,false,2023-12-26T16:24:12Z,,Feel_good,non,0.836,0.719,0.962,0.0594,0.00709,0.0437,118.828,-8.656,Threespheres
Spectator,Friday Pilots Club,Nowhere,2024-05-09,57,true,1970-01-01T00:00:00Z,,Daily_Mix_1,non,0.805,0.548,0.843,0.018,0.0000974,0.0348,105.016,-5.79,Friday Pilots Club
still feel.,half•alive,"Now, Not Yet",2019-08-09,63,false,2023-12-26T16:24:12Z,,Feel_good,non,0.779,0.516,0.715,0.148,0,0.0521,120.026,-6.467,half·alive/RCA Records
Stolen Dance,Milky Chance,Sadnecessary,2013-05-31,84,false,2023-12-26T16:26:33Z,,Throwback,non,0.884,0.581,0.728,0.427,0.000206,0.0378,114.016,-8.813,Stoned In Paradise
Sun,Two Door Cinema Club,Beacon,2012-09-03,62,false,1970-01-01T00:00:00Z,"indie,indie rock",Daily_Mix_1,non,0.647,0.533,0.639,0.0112,0.000277,0.0281,96.981,-5.464,Kitsune
Sunday Best,Surfaces,Where the Light Is,2019-01-06,75,false,2023-12-26T16:24:12Z,,Feel_good,non,0.869,0.555,0.738,0.137,0,0.0454,112.003,-5.984,"Surfaces Music / TenThousand Projects, LLC"
Symphony - Inner City Youth Orchestra of Los Angeles Version,Imagine Dragons,Symphony (Inner City Youth Orchestra of Los Angeles Version),2023-06-23,45,false,2025-02-18T08:47:23Z,,Taff,non,0.684,0.654,0.845,0.0995,0,0.054,89.972,-6.824,KIDinaKORNER/Interscope Records
The Git Up,Blanco Brown,Honeysuckle & Lightning Bugs,2019-10-10,71,false,2023-12-26T16:24:12Z,"hip-hop country,country",Feel_good,non,0.847,0.678,0.811,0.0669,0,0.109,97.984,-8.635,Broken Bow Records
The Outside,Twenty One Pilots,Scaled And Icy,2021-05-21,67,false,2025-02-18T08:47:34Z,,Taff,non,0.785,0.623,0.711,0.0505,0.125,0.0403,100.991,-6.923,Fueled By Ramen
This Is How We Do It,Montell Jordan;Wino,This Is How We Do It,1995-01-01,62,true,2023-12-26T16:02:49Z,"new jack swing,doom metal,stoner metal,sludge metal,stoner rock,drone metal",Anniversaire_Stéph_,non,0.775,0.606,0.789,0.042,0,0.119,103.649,-9.86,Island Records
Tieduprightnow,Parcels,Tieduprightnow,2018-04-27,74,false,2025-06-16T17:57:13Z,indie soul,,oui,0.863,0.533,0.738,0.291,0.00126,0.0484,102.025,-7.986,Because Music
Vampire,St Graal,Le cœur qui cogne,2023-03-31,43,false,2023-12-26T16:26:04Z,"pop française,pop française indie",My_Top_2023 | Soirée_Parisienne | Soirée_Parisienne,non,0.717,0.638,0.708,0.299,0.00000211,0.041,129.034,-6.683,Glory Box Music
Very Few Friends,Saint Levant,Very Few Friends,2022-11-07,18,true,2024-01-04T15:49:22Z,,,oui,0.774,0.476,0.578,0.139,0.00389,0.177,136.063,-8.322,Saint Levant
Wake Me Up Before You Go-Go,Wham!,Make It Big,1984-10-23,80,false,2023-12-26T16:02:49Z,noel,Anniversaire_Stéph_,non,0.62,0.573,0.897,0.271,0,0.0423,81.548,-11.893,Columbia
Walk This Way (feat. Aerosmith),Run–D.M.C.;Aerosmith,Raising Hell,1986-05-15,67,false,2023-12-26T16:02:49Z,"hip-hop old school,hip-hop east coast,hip-hop,rock classique,rock",Anniversaire_Stéph_,non,0.761,0.711,0.947,0.0174,0.000101,0.0604,105.448,-7.989,Arista
Waterfalls,TLC,Crazysexycool,1994-11-15,79,false,2023-12-26T16:02:49Z,,Anniversaire_Stéph_,non,0.769,0.505,0.757,0.311,0.0000749,0.0829,171.804,-7.345,Arista/LaFace Records
Wavin' Flag,K'NAAN,Troubadour,2009,60,false,2023-12-26T16:24:12Z,,Feel_good,non,0.625,0.699,0.717,0.13,0,0.0729,75.974,-6.416,Interscope Records*
We the People,Inüit,Action,2018-10-12,28,false,2023-12-26T16:23:30Z,pop française indie,ANTI,non,0.799,0.757,0.523,0.0258,0.0000281,0.112,99.001,-7.196,Wagram Music / Cinq 7
Weightless,ufo ufo,Weightless,2022-09-23,53,false,1970-01-01T00:00:00Z,,Daily_Mix_3,non,0.696,0.543,0.73,0.0493,0,0.0276,103.024,-8.635,Good Thunder
Wish You the Worst,Ryan Mack,Wish You the Worst,2022-05-18,0,true,2023-12-26T18:19:41Z,,Therapy,non,0.7,0.577,0.589,0.0627,0,0.066,94.948,-7.248,FRTYFVE
Wonder Why,Julian Perretta,Stitch Me Up,2010,50,false,2023-12-26T16:26:33Z,,Throwback,non,0.726,0.641,0.742,0.157,0,0.0308,82.502,-5.906,Universal Music Division Label Panthéon
World's Smallest Violin,AJR,OK ORCHESTRA,2021-03-26,1,false,2025-02-18T08:47:10Z,,Taff,non,0.68,0.696,0.684,0.116,0,0.051,115.962,-6.977,S-Curve Records
XXX,Kim Petras,Slut Pop,2022-02-11,66,true,2024-12-13T12:31:01Z,,,oui,0.848,0.536,0.624,0.000235,0.015,0.105,111.964,-4.415,Republic Records
ACCORDS,Yann,ACCORDS,2024-01-14,23,false,2024-04-07T12:53:26Z,pop française,A&P | Musique_du_dimanche,oui,0.405,0.765,0.3,0.0257,0.0000104,0.0533,99.966,-7.277,KCDQ & LGD
Afraid,The Neighbourhood,I Love You.,2013-04-22,80,true,1970-01-01T00:00:00Z,,Daily_Mix_3 | E_&_P,non,0.464,0.701,0.356,0.00892,0.309,0.0411,83.996,-5.693,Columbia
Arnica,St Graal,Les extraordinaires histoires d'amour de St Graal,2024-09-27,28,true,2024-11-12T18:25:49Z,"pop française,pop française indie",,oui,0.456,0.549,0.361,0.1,0.0000851,0.0382,80.095,-8.488,Glory Box Music
AROUND THE GLOBE RMX,404NR;June Boii,Une nuit d'Août.,2024-08-08,0,false,2024-10-18T17:32:15Z,,J&P,non,0.322,0.457,0.0732,0.000218,0.00181,0.0348,116.14,-11.502,404NR
As the World Caves In,Matt Maltese,As the World Caves In,2017-03-06,69,false,2023-12-26T16:26:11Z,,Sadness | Strong,non,0.331,0.45,0.18,0.365,0.00464,0.034,123.829,-5.362,Cafe Bleu Recordings
Bad Liar,Imagine Dragons,Origins (Deluxe),2018-11-09,82,false,2025-02-18T08:47:23Z,,Taff,non,0.307,0.637,0.0805,0.0732,0,0.0569,88.693,-6.993,Kid Ina Korner / Interscope
Beautiful Things,Benson Boone,Beautiful Things,2024-01-18,85,false,2024-03-30T08:19:49Z,,A&P,non,0.472,0.471,0.219,0.151,0,0.0603,105.029,-5.692,"Night Street Records, Inc./Warner Records Inc."
Bells,The Unlikely Candidates,Bells,2018-10-12,49,false,2023-12-26T16:23:30Z,,ANTI | Electical_Wood,non,0.383,0.713,0.261,0.282,0,0.0393,76.959,-0.483,RED MUSIC
Boomerang,Imagine Dragons,Origins (Deluxe),2018-11-09,57,false,2025-02-18T08:47:23Z,,Taff,non,0.429,0.559,0.343,0.137,0.00843,0.149,100.081,-7.492,Kid Ina Korner / Interscope
Children of the Sky (a Starfield song),Imagine Dragons,Children of the Sky (a Starfield song),2023-08-30,60,false,2025-02-18T08:47:23Z,,Taff,non,0.485,0.53,0.218,0.234,0,0.0436,82.549,-8.874,KIDinaKORNER/Interscope Records
Creep,Radiohead,Pablo Honey,1993-02-22,93,true,2023-12-26T16:02:49Z,"art rock,rock alternatif",Anniversaire_Stéph_,non,0.515,0.43,0.104,0.0097,0.000133,0.0372,91.844,-9.935,XL Recordings
Dizzy,MISSIO,The Darker The Weather // The Better The Man,2019-04-12,54,false,2023-12-26T16:24:15Z,,Freak,non,0.555,0.475,0.432,0.0137,0.0000133,0.0323,62.488,-6.6,RCA Records Label
Dream On,Aerosmith,Aerosmith,1973-01-05,69,false,2025-06-26T09:31:57Z,"rock classique,rock",,oui,0.392,0.476,0.234,0.397,0.000163,0.0249,78.031,-7.583,Aerosmith P&D - Sony
Dull Knives,Imagine Dragons,Mercury - Act 1,2021-09-03,0,false,2025-02-18T08:47:23Z,,Taff,non,0.51,0.616,0.32,0.00255,0.00000638,0.0473,110.346,-6.997,Kid Ina Korner / Interscope
Finale (Can't Wait To See What You Do Next),AJR,Neotheater,2019-04-26,0,true,2025-02-18T08:47:10Z,,Taff,non,0.539,0.517,0.408,0.0956,0,0.0272,82.987,-6.999,BMG Rights Management (US) LLC
FML,K.Flay,FML,2017-04-06,48,true,2023-12-26T16:23:30Z,,ANTI,non,0.534,0.633,0.341,0.00456,0.000311,0.134,94.921,-9.21,Dan Reynolds PS
Free Animal,Foreign Air,For the Light,2016-09-23,60,false,1970-01-01T00:00:00Z,,Daily_Mix_3,non,0.577,0.583,0.406,0.0904,0,0.0433,80.002,-7.257,Nettwerk Music Group
Giants,Imagine Dragons,Mercury - Act 1,2021-09-03,0,false,2025-02-18T08:47:23Z,,Taff,non,0.487,0.603,0.44,0.029,0,0.0666,62.385,-7.96,Kid Ina Korner / Interscope
Glory Days,The Federal Empire,Glory Days,2017-11-20,51,false,2024-01-04T15:49:22Z,,,oui,0.505,0.686,0.5,0.0915,0,0.0436,74.943,-7.095,The Federal Empire
Gold,Imagine Dragons,Gold,2014-12-16,0,false,2025-02-18T08:47:23Z,,Taff,non,0.314,0.471,0.269,0.0889,0.00248,0.0383,110.042,-6.914,Universal Music Group
High Enough,K.Flay,Every Where Is Some Where,2017-04-07,62,false,2023-12-26T16:23:30Z,,ANTI,non,0.368,0.619,0.51,0.0304,0.0969,0.0411,89.013,-4.989,Dan Reynolds PS
Him & I,G-Eazy;Halsey,The Beautiful & Damned (Deluxe Edition),2020-12-18,70,true,2023-12-26T16:24:04Z,,E_&_P,non,0.576,0.731,0.19,0.0534,0,0.0883,87.865,-6.343,BPG/RVG/RCA Records
Hold Her While You Can,Stephen Sanchez,Hold Her While You Can,2021-09-24,45,false,2023-12-26T16:24:31Z,,L_&_P,non,0.502,0.718,0.36,0.0181,0.00000831,0.0303,89.976,-5.87,Republic Records
I Don’t Know Why,Imagine Dragons,Evolve,2017-06-23,0,false,2025-02-18T08:47:23Z,,Taff,non,0.491,0.65,0.0705,0.00634,0.0000138,0.0679,121.123,-7.362,Kid Ina Korner / Interscope
I Wish,Imagine Dragons,Mercury - Acts 1 & 2,2022-07-01,46,false,2025-02-18T08:47:23Z,,Taff,non,0.224,0.291,0.146,0.209,0,0.031,71.948,-9.109,Kid Ina Korner / Interscope
In The Mood (Reimagined),OH1,In The Mood (Reimagined),2020-10-23,49,false,2025-08-25T07:58:30Z,,,oui,0.532,0.745,0.394,0.0373,0.301,0.128,82.888,-6.249,SILO RCRDS
"It's On Us (Benefiting the ""It's On Us"" Campaign)",AJR,"It's On Us (Benefiting the ""It's On Us"" Campaign)",2017-03-31,0,false,2025-02-18T08:47:10Z,,Taff,non,0.493,0.718,0.328,0.0636,0,0.0399,88.05,-4.634,AJR Productions
"J'aime, J'aime",Pierre de Maere,"Un jour, je",2022-01-21,42,false,2026-04-10T10:08:26Z,"pop française,variété française,chanson",,oui,0.533,0.723,0.314,0.0353,0.00000219,0.0471,97.011,-5.954,Wagram Music / Cinq 7
Kings,Tribe Society,Delirium Sonata,2015-03-10,46,false,2024-01-04T15:49:22Z,,,oui,0.419,0.745,0.285,0.1,0,0.0466,71.976,-6.679,Island Records
L'histoire de la vie,Debbie Davis,The Lion King: Special Edition Original Soundtrack (French Version),2003-01-01,49,false,2023-12-26T16:24:45Z,,Movie_night,non,0.439,0.542,0.6,0.0606,0,0.0386,83.839,-9.639,Disney Records (Europe)
last day on earth,Tai Verdes,last day on earth,2022-01-13,57,false,2024-01-04T15:49:22Z,,,oui,0.494,0.553,0.359,0.413,0.0000417,0.197,82.061,-5.57,Arista Records
Love Of Mine - Night Visions Demo,Imagine Dragons,Love Of Mine (Night Visions Demo),2022-09-02,44,false,2025-02-18T08:47:23Z,,Taff,non,0.446,0.829,0.207,0.000343,0.0261,0.0439,75.01,-6.665,Kid Ina Korner / Interscope
Medicine,James Arthur,Medicine,2021-03-05,54,false,2023-12-26T16:26:11Z,soft pop,Sadness,non,0.306,0.74,0.314,0.232,0,0.0532,98.3,-4.521,Columbia Local
Muscle Museum,Muse,Showbiz,1999,60,false,2023-12-26T16:02:49Z,"rock alternatif,rock",Anniversaire_Stéph_,non,0.447,0.534,0.373,0.00779,0.000125,0.0345,79.99,-7.502,Warner Records
My Play,AJR,My Play,2020-12-22,0,true,2025-02-18T08:47:10Z,,Taff,non,0.536,0.436,0.406,0.0922,0,0.0287,78.957,-8.252,S-Curve Records
Next Up Forever,AJR,Neotheater,2019-04-26,0,true,2025-02-18T08:47:10Z,,Taff,non,0.373,0.569,0.274,0.205,0.0000419,0.0515,89.918,-7.846,BMG Rights Management (US) LLC
No Drama,Two Friends;Kid Quill;New Beat Fund,No Drama,2020-01-31,38,false,2023-12-26T16:24:12Z,,Feel_good,non,0.523,0.675,0.599,0.019,0,0.0736,84.246,-6.473,Lowly
Ode To The Mets,The Strokes,The New Abnormal,2020-04-10,78,true,1970-01-01T00:00:00Z,"garage rock,indie rock,rock alternatif",Daily_Mix_1,non,0.426,0.617,0.201,0.341,0.181,0.0289,92.002,-5.423,Cult Records/RCA Records
On Our Knees,Last Train,The Big Picture,2019-09-13,28,false,2023-12-26T16:24:31Z,,L_&_P,non,0.225,0.57,0.0858,0.0722,0.013,0.0459,72.501,-8.927,Deaf Rock a division of Pegase
Overcompensate,Twenty One Pilots,Overcompensate,2024-02-29,64,false,2024-03-02T18:59:05Z,,,oui,0.363,0.891,0.331,0.00992,0.00183,0.0978,95.089,-5.563,Fueled By Ramen
Overcompensate,Twenty One Pilots,Clancy,2024-05-24,68,false,2025-02-18T08:47:34Z,,Taff,non,0.363,0.891,0.331,0.00992,0.00183,0.0978,95.089,-5.563,Fueled By Ramen
Overcompensate (edit),Twenty One Pilots,Overcompensate,2024-02-29,50,false,2025-02-18T08:47:34Z,,Taff,non,0.388,0.881,0.385,0.0132,0.000244,0.12,95.155,-5.281,Fueled By Ramen
Paladin Strait,Twenty One Pilots,Clancy,2024-05-24,65,false,2025-02-18T08:47:34Z,,Taff,non,0.33,0.491,0.169,0.0121,0.00000111,0.0628,119.023,-9.458,Fueled By Ramen
Panic Room,Au/Ra,Panic Room,2018-02-09,69,false,2023-12-26T16:24:15Z,,Freak,non,0.495,0.426,0.0636,0.152,0.00000565,0.0736,97.91,-9.434,RCA Records Label
Parachute,Song House;Kyndal,Parachute,2022-07-08,45,false,2023-12-26T16:24:31Z,,L_&_P,non,0.245,0.487,0.15,0.0404,0.0000013,0.0619,58.664,-8.602,Song House
Pitchfork Kids,AJR,Living Room,2015-03-03,0,false,2025-02-18T08:47:10Z,,Taff,non,0.424,0.778,0.122,0.0111,0.00000192,0.0433,82.072,-4.041,AJR Productions/Warner Records
Revolution,Elias,Warcry,2015-11-06,45,false,2024-01-04T15:49:22Z,,,oui,0.299,0.495,0.172,0.00546,0.0000106,0.04,65.357,-7.486,WM Sweden
Rise Up,Imagine Dragons,Evolve,2017-06-23,0,false,2025-02-18T08:47:23Z,,Taff,non,0.344,0.73,0.0769,0.0125,0.00039,0.0486,93.702,-6.582,Kid Ina Korner / Interscope
Scars,Hazey Eyes;Yoke Lore,Scars,2018-09-05,33,false,1970-01-01T00:00:00Z,,Daily_Mix_3,non,0.545,0.663,0.167,0.099,0,0.148,88.192,-6.302,Pack. Records
Scars,Hazey Eyes;Yoke Lore,Scars,2018-09-05,0,false,2024-04-04T17:36:26Z,,Musique_du_dimanche,oui,0.509,0.668,0.165,0.0965,0,0.138,88.137,-6.3,Pack Records
Serial Killer,Moncrieff;JUDGE,Serial Killer,2018-04-13,0,false,2023-12-26T16:24:15Z,,Freak,non,0.581,0.687,0.299,0.265,0.00000457,0.137,78.004,-5.965,0e0e Ltd
Skyline,Mustii,It's Happening Now,2022-01-21,33,false,2024-02-08T16:46:38Z,,A&P,non,0.442,0.473,0.183,0.215,0,0.0266,85.02,-7.697,WM Benelux BV
Smells Like Teen Spirit,Shaka Ponk,Smells Like Teen Spirit,2018-02-13,49,false,2023-12-26T16:02:49Z,,Anniversaire_Stéph_,non,0.296,0.725,0.0944,0.13,0,0.0694,94.846,-3.999,Tôt Ou Tard
"Soldier, Poet, King",The Oh Hellos,Dear Wormwood,2015-10-16,76,false,2023-12-26T16:23:54Z,"folk-pop,folk chrétienne,indie folk",Ballad | My_Top_2023,non,0.347,0.758,0.484,0.031,0.000659,0.0706,117.959,-7.753,The Oh Hellos
Sowing The Seeds Of Love,Tears For Fears,The Seeds Of Love,1989-09-25,69,false,2023-12-26T16:02:49Z,"new wave,synthpop",Anniversaire_Stéph_,non,0.334,0.767,0.644,0.00715,0.0000863,0.036,87.027,-7.574,UMC (Universal Music Catalogue)
Steve’s Going to London,AJR,The Maybe Man,2023-11-10,56,true,2025-02-18T08:47:10Z,,Taff,non,0.444,0.687,0.421,0.0588,0,0.171,80.579,-6,Mercury Records / Republic Records
Stomp Me Out,Bryce Fox,Heaven on Hold,2017-10-20,50,false,2024-01-04T15:49:22Z,,,oui,0.295,0.738,0.301,0.0101,0.000142,0.12,75.003,-5.384,Bryce Fox
The Big Picture,Last Train,The Big Picture,2019-09-13,38,false,2023-12-26T16:24:31Z,,L_&_P,non,0.252,0.455,0.183,0.0163,0.00576,0.0484,59.795,-6.485,Deaf Rock a division of Pegase
The Flood,Take That,Progress,2010-01-01,62,false,2024-01-04T15:47:53Z,,Favs | My_Top_2023 | Strong,non,0.514,0.83,0.138,0.0378,0.00000143,0.044,100.631,-6.077,Polydor Records
The Funeral,Band of Horses,Everything All The Time,2006-03-21,73,false,2023-12-26T16:24:05Z,,Emo | Sadness,non,0.319,0.757,0.101,0.016,0,0.0432,122.465,-6.117,Sub Pop Records
The Good Part,AJR,The Click (Deluxe Edition),2018-09-21,0,false,2025-02-18T08:47:10Z,,Taff,non,0.491,0.48,0.552,0.0866,0.000032,0.0287,92.92,-3.568,AJR Productions
The Green and the Town,AJR,Living Room,2015-03-03,0,false,2025-02-18T08:47:10Z,,Taff,non,0.253,0.848,0.405,0.0456,0,0.127,75.993,-5.47,AJR Productions/Warner Records
The Idea Of Someone,Last Train,The Big Picture,2019-09-13,27,false,2023-12-26T16:24:31Z,,L_&_P,non,0.403,0.351,0.238,0.0433,0.0423,0.029,99.86,-10.326,Deaf Rock a division of Pegase
The Seed,AURORA,A Different Kind Of Human (Step II),2019-06-07,65,false,2024-11-14T09:30:27Z,"pop norvégienne,art pop",,oui,0.307,0.389,0.0941,0.0104,0.0754,0.0318,132.425,-9.472,Glassnote Entertainment Group LLC
The Unknown,Imagine Dragons,Smoke + Mirrors (Deluxe),2015-10-16,39,false,2025-02-18T08:47:23Z,,Taff,non,0.426,0.766,0.346,0.0255,0.000788,0.0893,120.186,-8.13,Kid Ina Korner / Interscope
TIMEZONE,Måneskin,RUSH!,2023-01-20,60,true,1970-01-01T00:00:00Z,,Daily_Mix_1,non,0.262,0.585,0.272,0.00275,0,0.0366,74.832,-4.196,Epic
Tití me preguntó,Karavana,Tití me preguntó,2022-12-21,0,false,2023-12-26T16:26:04Z,,My_Top_2023 | Spanish,non,0.358,0.905,0.211,0.0384,0.375,0.0933,107.157,-5.239,Vanana Records distributed by Altafonte
To Ashes and Blood (from the series Arcane League of Legends),Arcane;Woodkid,Arcane League of Legends: Season 2 (Soundtrack from the Animated Series),2024-11-23,68,false,2024-12-11T17:07:19Z,bande originale,,oui,0.475,0.701,0.29,0.00828,0.0376,0.0463,84.899,-7.05,Riot Games
Ton invitation,Louise Attaque,Louise Attaque,1997-04-22,62,false,2023-12-26T16:02:49Z,"variété française,chanson,pop française",Anniversaire_Stéph_,non,0.458,0.581,0.629,0.151,0.0000014,0.0666,98.403,-7.835,Universal Music Division Barclay
Touchy Feely Fool,AJR,The Maybe Man,2023-11-10,57,true,2025-02-18T08:47:10Z,,Taff,non,0.431,0.742,0.621,0.118,0,0.101,81.109,-5.339,Mercury Records / Republic Records
Tubthumping,Chumbawamba,Tubthumper,1997-09-01,75,false,2024-01-04T15:49:22Z,,,oui,0.348,0.88,0.606,0.128,0,0.0978,101.185,-7.366,EMI
"Untouchable, Pt. 1 - Live",Anathema,Universal,2013-09-23,26,false,2023-12-26T16:24:31Z,"doom metal,metal gothique,rock progressif,metal progressif",L_&_P,non,0.377,0.67,0.0563,0.00759,0.00046,0.0378,123.554,-8.685,Kscope
Us,James Bay,Electric Light,2018-05-18,70,false,2023-12-26T16:24:23Z,,Love,non,0.563,0.473,0.342,0.177,0.0000015,0.0361,69.926,-4.147,Mercury Records/Republic Owned
Walking The Wire,Imagine Dragons,Evolve,2017-06-23,0,false,2025-02-18T08:47:23Z,,Taff,non,0.307,0.764,0.133,0.0127,0,0.0466,99.647,-5.268,Kid Ina Korner / Interscope
Warriors,Imagine Dragons,Smoke + Mirrors (Deluxe),2015-10-16,66,false,2025-02-18T08:47:23Z,,Taff,non,0.372,0.851,0.307,0.0964,0.00288,0.0661,78.094,-6.238,Kid Ina Korner / Interscope
Waves,Imagine Dragons,Mercury - Acts 1 & 2,2022-07-01,62,false,2025-02-18T08:47:23Z,,Taff,non,0.468,0.618,0.261,0.0741,0,0.0835,120.123,-6.353,Kid Ina Korner / Interscope
We Are All Insane,AWOLNATION,We Are All Insane,2022-11-04,33,false,1970-01-01T00:00:00Z,,Daily_Mix_3,non,0.52,0.742,0.562,0.199,0.344,0.0366,83.97,-6.35,Two Twenty Five Music
Welcome to the Black Parade,My Chemical Romance,The Black Parade,2006-10-20,82,false,1970-01-01T00:00:00Z,"emo,punk pop",Daily_Mix_1,non,0.217,0.905,0.236,0.000289,0.00011,0.0752,96.95,-4.103,Reprise
Wherever I Go,OneRepublic,Oh My My (Deluxe),2016-12-02,67,false,2023-12-26T16:24:04Z,soft pop,E_&_P,non,0.552,0.689,0.349,0.0915,0,0.0425,99.961,-6.444,Mosley / Interscope
Why Am I the One,fun.,Some Nights,2012-02-14,50,false,2023-12-26T16:26:11Z,,Sadness,non,0.408,0.499,0.501,0.44,0.00000404,0.0547,82.157,-7.16,Fueled By Ramen
Wicked Games,The Hot Damns,The Hot Damns,2014-07-17,37,false,2024-01-04T15:49:22Z,,,oui,0.468,0.544,0.622,0.0000407,0.0000252,0.0269,84.958,-5.655,Ozone Entertainment
"Wow, I'm Not Crazy",AJR,Neotheater,2019-04-26,0,false,2025-02-18T08:47:10Z,,Taff,non,0.284,0.609,0.521,0.0438,0,0.123,85.386,-6.033,BMG Rights Management (US) LLC
Zombie,Bad Wolves,Disobey,2018-05-11,76,false,2023-12-26T16:02:49Z,metal,Anniversaire_Stéph_,non,0.449,0.826,0.19,0.00765,0,0.0316,77.079,-3.244,Endurance Music Group
"""99""",Barns Courtney,404,2019-09-06,54,false,2024-12-18T20:28:20Z,,,oui,0.549,0.807,0.689,0.00605,0,0.0312,95.98,-4.32,Virgin EMI
A Good Song Never Dies,Saint Motel,The Original Motion Picture Soundtrack,2021-06-25,64,false,2024-06-28T11:33:02Z,,,oui,0.682,0.811,0.565,0.0535,0,0.0433,119.967,-3.551,Elektra (NEK)
Absinthe,I DONT KNOW HOW BUT THEY FOUND ME,1981 Extended Play,2018-11-09,57,false,1970-01-01T00:00:00Z,,Daily_Mix_3,non,0.608,0.845,0.518,0.00927,0.0000134,0.0641,123.991,-4.938,Fearless Records
Addicted To You,Avicii,True,2013-09-16,75,false,2023-12-26T16:26:33Z,edm,Throwback,non,0.569,0.785,0.303,0.0505,0.00000112,0.0457,128.031,-4.057,Pophouse Entertainment Group
Adore You,Harry Styles,Fine Line,2019-12-13,86,false,2023-12-26T16:24:04Z,,E_&_P,non,0.676,0.771,0.569,0.0237,0.000007,0.0483,99.048,-3.675,Columbia
AfterHours,AJR,I'm Ready - EP,2014-03-25,0,false,2025-02-18T08:47:10Z,,Taff,non,0.505,0.917,0.39,0.00293,0.00396,0.164,124.953,-4.435,AJR Productions/Warner Records
Alice by the Hudson,AJR,Infinity - EP,2014-09-23,0,false,2025-02-18T08:47:10Z,,Taff,non,0.63,0.845,0.648,0.00909,0,0.0296,115.492,-4.555,AJR Productions/Warner Records
Alter Ego,KALEO,Surface Sounds,2021-04-23,51,false,2023-12-26T16:23:56Z,,Electical_Wood,non,0.543,0.739,0.665,0.00379,0.00000229,0.0399,122.016,-5.618,Elektra (NEK)
Amsterdam,Imagine Dragons,Night Visions,2012-09-04,50,false,2025-02-18T08:47:23Z,,Taff,non,0.517,0.768,0.206,0.00852,0.0000084,0.0363,115.002,-4.961,Kid Ina Korner / Interscope
Angel With a Shotgun,The Cab,Symphony Soldier,2011,2,false,2023-12-26T16:26:23Z,,Strong,non,0.543,0.84,0.394,0.00471,0,0.0499,124.037,-5.121,Z entertainment
Apologize,OneRepublic,Este Maldito Invierno,2023-12-16,0,false,2023-12-26T16:26:11Z,soft pop,Sadness,non,0.59,0.744,0.536,0.332,0.0000155,0.0336,118.018,-6.161,UME - Global Clearing House
Así Bailaba,Rigoberta Bandini;Amaia,Así Bailaba,2022-07-08,40,false,2023-12-26T16:26:22Z,,Spanish,non,0.647,0.728,0.479,0.0579,0,0.16,100.023,-5.262,Rigoberta Bandini
Atmosphère,19 Rue de l'étoile,Atmosphère,2022-04-01,0,false,2023-12-26T16:26:18Z,,Soirée_Parisienne,non,0.693,0.81,0.493,0.0682,0.0000795,0.0424,126.052,-6.397,Independent
Babylon,Barns Courtney,404,2019-09-06,53,false,2023-12-26T16:23:56Z,,Electical_Wood | My_Top_2023,non,0.452,0.851,0.498,0.0491,0.00000255,0.0495,96.031,-4.154,Virgin EMI
Big Idea,AJR,Living Room,2015-03-03,0,false,2025-02-18T08:47:10Z,,Taff,non,0.598,0.865,0.59,0.0129,0.00000516,0.113,117.913,-3.953,AJR Productions/Warner Records
BODYGUARD,Beyoncé,COWBOY CARTER,2024-03-29,66,true,2024-04-10T07:19:26Z,,A&P,non,0.726,0.779,0.539,0.0137,0.000235,0.0551,119.031,-5.432,Parkwood Entertainment/Columbia
Bones - Live in Vegas,Imagine Dragons,Imagine Dragons Live in Vegas,2023-07-28,45,false,2025-02-18T08:47:23Z,,Taff,non,0.656,0.789,0.496,0.0243,0,0.0446,114.058,-5.196,KIDinaKORNER/Interscope Records
Bones - twocolors Remix,Imagine Dragons;twocolors,Bones (twocolors Remix),2022-10-25,43,false,2025-02-18T08:47:23Z,,Taff,non,0.682,0.761,0.498,0.0191,0.00233,0.0501,123.988,-6.661,KIDinaKORNER/Interscope Records
Bonfire Heart,James Blunt,Moon Landing,2013-10-04,71,false,2023-12-26T16:24:12Z,,Feel_good,non,0.575,0.821,0.449,0.181,0,0.0527,118.021,-5.7,Custard/Atlantic
Boom Clap,Charli xcx,SUCKER,2015-02-09,66,false,2023-12-26T16:26:33Z,"hyperpop,art pop",Throwback,non,0.659,0.911,0.576,0.154,0.000304,0.0786,91.999,-2.28,Asylum
Bummerland,AJR,Way Less Sad,2021-02-17,0,false,2025-02-18T08:47:10Z,,Taff,non,0.629,0.833,0.653,0.124,0,0.0855,80.968,-7.219,S-Curve Records
Buy You a Rose,AJR,I'm Ready - EP,2014-03-25,0,false,2025-02-18T08:47:10Z,,Taff,non,0.65,0.68,0.578,0.127,0.0000561,0.0385,90.997,-5.788,AJR Productions/Warner Records
California Gurls,Katy Perry;Snoop Dogg,Teenage Dream,2010-08-24,69,false,2023-12-26T16:26:33Z,"pop,g-funk,hip-hop west coast,gangster rap,hip-hop old school,hip-hop,rap",Throwback,non,0.789,0.753,0.403,0.0038,0,0.0537,125.007,-3.71,Capitol Records
Carry On,The Score;AWOLNATION,Carry On,2020-08-28,54,false,2023-12-26T16:24:32Z,,Motivation,non,0.549,0.74,0.397,0.0215,0.000572,0.0324,92.031,-5.564,Republic Records
Cold Cold Man,Saint Motel,My Type EP,2014-08-16,70,false,1970-01-01T00:00:00Z,,Daily_Mix_1,non,0.613,0.661,0.509,0.00652,0,0.0263,110.978,-4.984,Parlophone UK
Coma idyllique,Therapie TAXI,Hit Sale,2018-02-02,42,false,2023-12-26T16:26:18Z,"pop française,pop française indie,variété française,house française",Soirée_Parisienne,non,0.602,0.843,0.617,0.00452,0.011,0.0363,101.988,-4.576,Panenka Music
Come Apart,The Blue Stones,METRO,2025-03-28,43,false,2025-08-10T17:29:00Z,blues rock,,oui,0.515,0.89,0.433,0.00573,0.00000325,0.0548,92.934,-3.31,New Weapon Records
Come Hang Out,AJR,The Click (Deluxe Edition),2018-09-21,0,false,2025-02-18T08:47:10Z,,Taff,non,0.612,0.725,0.386,0.00384,0,0.0653,91.059,-4.668,AJR Productions
Cool Out,Imagine Dragons,Origins (Deluxe),2018-11-09,55,false,2025-02-18T08:47:23Z,,Taff,non,0.636,0.718,0.438,0.00475,0.00000699,0.0313,143.929,-4.833,Kid Ina Korner / Interscope
Could Have Been Me,The Struts,Everybody Wants,2016-03-04,77,false,2024-01-04T15:49:22Z,glam rock,,oui,0.541,0.907,0.434,0.0158,0.000185,0.0642,80.029,-4.512,The Struts
Counting Stars,OneRepublic,Native,2013-01-01,89,false,2023-12-26T16:26:33Z,soft pop,Throwback,non,0.663,0.706,0.474,0.0654,0,0.0383,122.013,-4.972,Mosley / Interscope
Crushed,Imagine Dragons,Mercury - Acts 1 & 2,2022-07-01,49,false,2025-02-18T08:47:23Z,,Taff,non,0.624,0.734,0.219,0.0245,0,0.0338,116.949,-4.876,Kid Ina Korner / Interscope
Cómo hablar,Amaral,Una Pequeña Parte Del Mundo,2000,64,false,2023-12-26T16:26:04Z,,My_Top_2023 | Spanish,non,0.606,0.775,0.626,0.0356,0.00000174,0.0291,117.357,-4.752,Parlophone Spain
Dani California,Red Hot Chili Peppers,Stadium Arcadium,2006-05-09,83,false,2023-12-26T16:26:23Z,"funk rock,rock alternatif,rock",Strong,non,0.556,0.913,0.73,0.0193,0.00000859,0.0437,96.184,-2.36,Warner Records
Demons,Imagine Dragons,Night Visions,2012-09-04,76,false,2025-02-18T08:47:23Z,,Taff,non,0.5,0.71,0.419,0.19,0.00025,0.0339,89.929,-3.015,Kid Ina Korner / Interscope
Desire (with Sam Smith),Calvin Harris;Sam Smith,Desire (with Sam Smith),2023-07-28,70,false,2024-01-04T15:49:22Z,"edm,soft pop",,oui,0.587,0.924,0.509,0.0311,0.0171,0.0457,140.009,-5.433,Columbia
Disease,Lady Gaga,Disease,2024-10-25,69,false,2024-11-01T09:01:18Z,"art pop,pop",J&P,non,0.562,0.917,0.501,0.0513,0,0.117,100.987,-2.768,Interscope Records
Don't Let Me Go,The Black Keys,Ohio Players,2024-04-05,48,false,2025-07-17T07:35:25Z,"blues rock,garage rock,blues moderne,rock",,oui,0.518,0.864,0.797,0.015,0,0.0532,119.044,-2.069,Nonesuch
Don't Wait Up,Robert DeLong,In the Cards,2015-09-18,0,false,2024-01-04T15:49:22Z,,,oui,0.604,0.793,0.348,0.0131,0.00000494,0.0714,107.993,-4.66,Glassnote Entertainment Group LLC
Down To The River,Welshly Arms,No Place Is Home,2018-05-25,32,false,2023-12-26T16:23:56Z,,Electical_Wood,non,0.581,0.819,0.484,0.0152,0,0.0498,89.992,-5.795,Vertigo Berlin
Dusty Men,Saule;Charlie Winston,Géant,2012-11-19,42,false,2023-12-26T16:26:33Z,variété française,Throwback,non,0.654,0.838,0.629,0.0109,0.00528,0.0471,108.944,-4.204,30 Fevrier
Dynamite,China Anne McClain,A.N.T. Farm,2011-10-11,48,false,2023-12-26T16:24:45Z,,Movie_night,non,0.676,0.779,0.511,0.182,0,0.0656,122.026,-3.493,Walt Disney Records
EAEA,Blanca Paloma,EAEA,2022-12-20,39,false,2023-12-26T16:24:07Z,,Eurovision,non,0.607,0.731,0.255,0.0702,0.0000313,0.0369,116.021,-4.462,Universal Music Publishing Limited
Egotrip,Therapie TAXI,Cadavre exquis,2019-12-06,42,false,2023-12-26T16:26:18Z,"pop française,pop française indie,variété française,house française",Soirée_Parisienne,non,0.693,0.703,0.505,0.0311,0,0.069,93.966,-6.038,Panenka Music
El Fin del Mundo,La La Love You;Axolotes Mexicanos,El Fin del Mundo,2019-11-29,14,false,2023-12-26T16:26:04Z,,My_Top_2023 | Spanish,non,0.6,0.866,0.676,0.000839,0,0.0477,127.056,-4.599,Subterfuge Records distributed by Altafonte
Electric Love,BØRNS,Dopamine,2015-10-16,81,false,2023-12-26T16:24:23Z,,Love | Universe,non,0.611,0.797,0.518,0.00543,0.00137,0.0533,120.041,-7.627,UMGRI Interscope
Exit Signs,LEAP,Entropy,2025-10-03,61,true,1970-01-01T00:00:00Z,,Daily_Mix_3,non,0.467,0.876,0.491,0.000258,0.104,0.0617,82.601,-5.454,Epitaph
Fairly Local,Twenty One Pilots,Blurryface,2015-05-15,65,false,2025-02-18T08:47:34Z,,Taff,non,0.715,0.723,0.479,0.0396,0.0000857,0.0569,114.985,-5.993,Fueled By Ramen
Fallin’ (Adrenaline),Why Don't We,Fallin’ (Adrenaline),2020-09-29,57,false,2023-12-26T16:24:04Z,,E_&_P,non,0.606,0.9,0.233,0.0101,0,0.119,133.963,-4.504,Atlantic Records
Favorite Color Is Blue,Robert DeLong;K.Flay,See You In The Future,2018-10-19,47,false,2023-12-26T16:24:15Z,,Freak,non,0.599,0.771,0.352,0.0952,0,0.0981,131.904,-4.607,Glassnote Entertainment Group LLC
Femininomenon,Chappell Roan,The Rise and Fall of a Midwest Princess,2023-09-22,76,true,2024-06-17T11:44:27Z,,,oui,0.609,0.758,0.236,0.139,0.00000538,0.0525,124.949,-4.885,Chappell Roan PS/ Island
Flesh,Simon Curtis,R∆,2011-06-07,57,false,2024-01-04T15:49:22Z,,,oui,0.577,0.773,0.292,0.00188,0.0522,0.0766,130.001,-2.879,BoyRobot Records
Follow You,Imagine Dragons,Follow You / Cutthroat,2021-03-12,63,false,2023-12-26T16:24:04Z,,E_&_P | Taff,non,0.542,0.732,0.489,0.00209,0.0000792,0.0521,124.912,-5.956,KIDinaKORNER/Interscope Records
Follow You,Imagine Dragons,Mercury - Act 1,2021-09-03,1,false,2025-02-18T08:47:23Z,,Taff,non,0.544,0.732,0.45,0.00197,0.0000506,0.0524,124.875,-5.984,Kid Ina Korner / Interscope
Glad You Came,The Wanted,Battleground (Deluxe Edition),2011-01-01,80,false,2023-12-26T16:26:33Z,,Throwback,non,0.722,0.851,0.452,0.0319,0,0.0639,126.885,-3.873,Universal-Island Records Ltd.
Good News,Ocean Park Standoff,Ocean Park Standoff,2017-03-03,48,false,2023-12-26T16:26:11Z,,Sadness,non,0.602,0.793,0.283,0.172,0,0.0767,90.093,-4.043,Hollywood Records
Guns for Hands,Twenty One Pilots,Vessel,2013-01-08,67,false,2025-02-28T14:10:37Z,,Taff,oui,0.684,0.858,0.518,0.00694,0.000167,0.0342,129.963,-4.266,Fueled By Ramen
Habits (Stay High),Tove Lo,Queen Of The Clouds,2014-09-24,79,false,2026-04-17T13:53:26Z,,Piano,non,0.733,0.65,0.348,0.0703,0.0000659,0.0315,110.003,-3.539,Universal Music AB
Hands,Barns Courtney,The Attractions Of Youth,2017-09-29,48,false,2023-12-26T16:23:56Z,,Electical_Wood,non,0.5,0.834,0.456,0.00025,0.00367,0.036,98.111,-4.419,EMI
Hangover,Taio Cruz;Flo Rida,TY.O (International Version),2011-01-01,74,true,2023-12-26T16:26:33Z,,Throwback,non,0.606,0.883,0.608,0.00872,0,0.0423,128.053,-3.243,Universal-Island Records Ltd.
Happy Pills,Weathers,Happy Pills,2016-06-03,65,false,2024-01-04T15:49:22Z,,,oui,0.521,0.885,0.344,0.00327,0.00904,0.125,115.985,-4.934,RCA Records Label
Hayloft,Mother Mother,O My Heart,2008-09-23,3,false,2024-12-16T23:27:08Z,,,oui,0.527,0.922,0.49,0.00475,0.000162,0.0728,95.975,-2.666,Last Gang
Hear Me,Imagine Dragons,Night Visions,2012-09-04,53,false,1970-01-01T00:00:00Z,,Daily_Mix_1,non,0.613,0.833,0.54,0.000318,0.000669,0.0366,125.03,-4.694,Kid Ina Korner / Interscope
Hear Me,Imagine Dragons,Night Visions,2012-09-04,46,false,2025-02-18T08:47:23Z,,Taff,non,0.613,0.833,0.54,0.000318,0.000669,0.0366,125.03,-4.694,Kid Ina Korner / Interscope
Heavy Is the Crown,Linkin Park,From Zero,2024-11-15,79,false,1970-01-01T00:00:00Z,"nu metal,rap metal,rock,metal alternatif",Daily_Mix_1,non,0.571,0.928,0.488,0.00932,0,0.0453,127.939,-3.725,Warner Records
Heavydirtysoul,Twenty One Pilots,Blurryface,2015-05-15,74,false,2025-02-18T08:47:34Z,,Taff,non,0.613,0.873,0.392,0.00397,0.00111,0.0449,129.989,-6.376,Fueled By Ramen
Hellfire,Barns Courtney,The Attractions Of Youth,2017-09-29,60,false,2023-12-26T16:23:56Z,,Electical_Wood,non,0.529,0.847,0.69,0.244,0,0.0482,93.977,-5.513,EMI
HEY CHILD,X Ambassadors,ORION,2019-06-14,52,false,2024-01-04T15:49:22Z,,,oui,0.697,0.661,0.546,0.00499,0.00000277,0.0453,112.016,-5.535,Kid Ina Korner / Interscope
Hey I Don't Know,KONGOS,Lunatic,2014-01-27,44,false,2024-01-04T15:49:22Z,,,oui,0.662,0.832,0.471,0.0787,0.000558,0.0489,102.003,-0.739,Epic
Hometown,Twenty One Pilots,Blurryface,2015-05-15,72,false,2025-02-18T08:47:34Z,,Taff,non,0.683,0.753,0.389,0.0577,0.00208,0.0317,120.03,-5.564,Fueled By Ramen
How to Save a Life,The Fray,How To Save A Life,2005-09-13,85,false,2023-12-26T16:26:11Z,,Sadness,non,0.64,0.743,0.361,0.269,0,0.0379,122.035,-4.08,Epic
I Am,AWOLNATION,Run,2015-03-17,44,false,2025-03-15T21:34:17Z,,Taff,oui,0.573,0.746,0.271,0.171,0.000187,0.0286,130.004,-4.921,Red Bull Records
I Don't Wanna Wait,David Guetta;OneRepublic,I Don't Wanna Wait,2024-04-05,82,false,2024-10-12T14:38:21Z,"edm,soft pop",Anniversaire_Stéph_,non,0.681,0.714,0.554,0.0375,0,0.0309,129.976,-4.617,Parlophone UK
I Hate Everything About You,Three Days Grace,Three Days Grace (Expanded Edition),2003-07-22,76,false,2023-12-26T16:23:27Z,"post-grunge,rock",Anger | Anger,non,0.498,0.83,0.453,0.00461,0,0.0421,89.342,-5.157,Jive
I Lived,OneRepublic,Native,2013-01-01,79,false,2024-01-04T15:49:22Z,soft pop,,oui,0.593,0.85,0.344,0.0678,0,0.0447,119.984,-5.456,Mosley / Interscope
I Wish I Was A...,NOISY,I Wish I Was A...,2020-10-16,30,false,2024-01-04T15:49:22Z,,,oui,0.607,0.946,0.653,0.00548,0.00039,0.15,120.011,-2.965,Universal-Island Records Ltd.
I'm Not Famous,AJR,The Click (Deluxe Edition),2018-09-21,0,true,2025-02-18T08:47:10Z,,Taff,non,0.635,0.863,0.654,0.00179,0,0.0613,94.945,-4.204,AJR Productions
I'm Ready,AJR,Living Room,2015-03-03,2,false,2025-02-18T08:47:10Z,,Taff,non,0.628,0.867,0.597,0.0108,0,0.0913,78.043,-3.555,AJR Productions/Warner Records
Immortals,Fall Out Boy,American Beauty/American Psycho,2015-01-16,79,false,2023-12-26T16:23:27Z,"emo,punk pop",Anger,non,0.616,0.868,0.475,0.00131,0.00000154,0.0699,108.016,-3.606,Island Records
In the End,Linkin Park,Hybrid Theory (Bonus Edition),2000-10-24,91,false,2023-12-26T16:23:27Z,"nu metal,rap metal,rock,metal alternatif",Anger | Anniversaire_Stéph_,non,0.556,0.864,0.4,0.00958,0,0.0584,105.143,-5.87,Warner Records
Infinity,AJR,Living Room,2015-03-03,0,false,2025-02-18T08:47:10Z,,Taff,non,0.521,0.716,0.389,0.00543,0,0.0373,105.034,-4.838,AJR Productions/Warner Records
Johnny Boy,Twenty One Pilots,Twenty One Pilots,2009-12-29,0,false,2025-02-18T08:47:34Z,,Taff,non,0.561,0.841,0.356,0.00525,0.0000453,0.0515,114.943,-4.311,Twenty One Pilots
Just My Type,The Vamps,Night & Day (Day Edition),2018-07-13,61,false,2023-12-26T16:24:04Z,,E_&_P,non,0.61,0.87,0.523,0.00299,0,0.0693,125.014,-4.012,EMI
Kicks,Barns Courtney,The Attractions Of Youth,2017-09-29,59,false,1970-01-01T00:00:00Z,,Daily_Mix_1 | Daily_Mix_3 | Electical_Wood,non,0.64,0.83,0.62,0.129,0,0.0652,95.004,-5.43,EMI
Kill Of The Night,Gin Wigmore,Gravel & Wine,2011,55,false,2024-11-06T19:17:58Z,,,oui,0.506,0.7,0.561,0.00998,0.000124,0.0487,126.235,-5.716,Universal Music Australia Pty. Ltd.
King Is Born,Aloe Blacc,King Is Born,2017-07-11,43,false,2023-12-26T16:24:13Z,,Feeling_myself,non,0.618,0.726,0.431,0.0423,0,0.0344,100.938,-3.758,Interscope
La foule - Le Monde Mix,TR3NACRIA;Ely Oaks;StereoKilla,La foule,2023-10-13,48,false,2024-03-17T19:03:45Z,"afro house,hypertechno,bass house",,oui,0.65,0.955,0.144,0.0196,0.123,0.0608,125.981,-3.827,Happy Music
La goffa Lolita,Vincè la petite culotte,La goffa Lolita,2022-01-21,59,false,2024-02-24T16:33:58Z,,Anniversaire_Stéph_,non,0.624,0.944,0.362,0.00506,0,0.173,130.092,-5.723,Parlophone (France)
Last Resort,Papa Roach,Infest,2000-04-25,85,true,2025-03-18T09:29:45Z,"nu metal,rap metal,metal alternatif,rap rock,rock",,oui,0.589,0.89,0.687,0.000481,0.00082,0.06,90.586,-3.719,Geffen
Le goût de la vie,St Graal,Le goût de la vie,2020-07-10,38,false,2023-12-26T16:26:04Z,"pop française,pop française indie",My_Top_2023 | Soirée_Parisienne,non,0.521,0.868,0.0649,0.0126,0.000646,0.0496,120.066,-4.959,Glory Box Music
Left Right Left,Charlie Puth,Nine Track Mind,2016-01-29,45,false,2024-01-04T15:49:22Z,soft pop,,oui,0.698,0.712,0.486,0.21,0,0.0321,99.952,-3.634,Artist Partner
Levitate,Twenty One Pilots,Trench,2018-10-05,62,false,2025-02-18T08:47:34Z,,Taff,non,0.7,0.934,0.224,0.0857,0.226,0.17,92.973,-5.941,Fueled By Ramen
Life is a Highway,Rascal Flatts,Cars (Original Motion Picture Soundtrack),2006-01-01,77,false,2023-12-26T16:24:45Z,country,Movie_night | Wakey_wakey,non,0.562,0.934,0.558,0.00211,0,0.0607,103.042,-5.562,Walt Disney Records
Like a Prayer,Madonna,Celebration (double disc version),2009-09-18,50,false,2024-02-24T16:35:40Z,,Anniversaire_Stéph_,non,0.625,0.842,0.26,0.264,0.0000212,0.0376,111.038,-5.285,Warner Records
Looking at Me,Sabrina Carpenter,Singular Act II,2019-07-19,76,false,2023-12-26T16:24:04Z,pop,E_&_P,non,0.681,0.798,0.516,0.00398,0.00000511,0.0375,105.99,-4.367,Hollywood Records
Love Is Mystical,Cold War Kids,LA DIVINE,2017-04-07,61,false,1970-01-01T00:00:00Z,,Daily_Mix_3,non,0.567,0.863,0.722,0.00462,0.0000477,0.037,106.03,-5.158,Capitol Records (US1A)
Love Me (When You're Gone),WHALES•TALK,Love Me (When You're Gone),2022-06-24,50,true,1970-01-01T00:00:00Z,,Daily_Mix_3,non,0.61,0.711,0.666,0.0233,0,0.0289,89.995,-2.727,WHALES TALK
Machine,Imagine Dragons,Origins (Deluxe),2018-11-09,64,false,2025-02-18T08:47:23Z,,Taff,non,0.638,0.677,0.585,0.00157,0.00683,0.0424,81.045,-5.28,Kid Ina Korner / Interscope
Maravillosa,Vegax;Perseo,Maravillosa,2024-06-07,0,false,2024-10-25T17:14:32Z,,J&P,non,0.704,0.899,0.155,0.000307,0.0075,0.0484,135.012,-5.405,Lanzadera Music
Mary,The Happy Fits,Concentrate,2018-06-15,54,false,2024-04-22T19:57:25Z,,Musique_du_dimanche,oui,0.564,0.696,0.604,0.087,0,0.0906,131.048,-3.833,The Happy Fits Records
Me Rehúso,Danny Ocean,54+1,2019-03-22,87,false,2025-04-04T17:24:34Z,reggaeton,Latino,non,0.744,0.804,0.426,0.0231,0,0.0677,104.823,-6.327,Atlantic Records
Message Man,Twenty One Pilots,Blurryface,2015-05-15,65,false,1970-01-01T00:00:00Z,,Daily_Mix_1 | Taff,non,0.715,0.838,0.497,0.0897,0,0.118,120.007,-6.077,Fueled By Ramen
Midwest Indigo,Twenty One Pilots,Clancy,2024-05-24,68,false,2025-02-18T08:47:34Z,,Taff,non,0.611,0.802,0.577,0.176,0.00000145,0.0591,116.062,-4.92,Fueled By Ramen
More Than You Know,Axwell /\ Ingrosso;Axwell;Sebastian Ingrosso,More Than You Know,2017-07-28,81,false,2023-12-26T16:24:04Z,edm,E_&_P,non,0.646,0.741,0.571,0.0275,0,0.034,123.077,-4.973,Pophouse Entertainment Group
Mountain at My Gates,Foals,What Went Down,2015-08-28,71,false,1970-01-01T00:00:00Z,indie,Daily_Mix_1,non,0.495,0.931,0.617,0.0025,0.0819,0.0469,104.05,-5.336,Warner Records
Mouth Of The River,Imagine Dragons,Evolve,2017-06-23,0,false,2025-02-18T08:47:23Z,,Taff,non,0.488,0.91,0.3,0.00209,0.0458,0.041,96.003,-6.991,Kid Ina Korner / Interscope
My Fault,Imagine Dragons,Night Visions (Deluxe),2012-09-04,39,false,2025-02-18T08:47:23Z,,Taff,non,0.596,0.813,0.519,0.113,0.0196,0.0392,108.507,-6.226,Kid Ina Korner / Interscope
Netflix Trip,AJR,The Click (Deluxe Edition),2018-09-21,0,false,2025-02-18T08:47:10Z,,Taff,non,0.486,0.733,0.468,0.0427,0,0.0409,94.948,-3.511,AJR Productions
Never Have Time,The Royal Foundry,Lost In Your Head,2017-08-15,44,false,1970-01-01T00:00:00Z,,Daily_Mix_3,non,0.359,0.881,0.442,0.454,0,0.0782,106.98,-3.035,The Royal Foundry
No Good,KALEO,A/B,2016-06-10,70,false,2023-12-26T16:23:56Z,,Electical_Wood,non,0.378,0.925,0.584,0.0234,0.00062,0.185,108.525,-3.781,Elektra (NEK)
No Love In LA,Palaye Royale,Fever Dream,2022-10-28,60,false,1970-01-01T00:00:00Z,,Daily_Mix_1,non,0.482,0.897,0.387,0.00475,0,0.0621,103.126,-4.165,Sumerian Records
No Shame,5 Seconds of Summer,CALM,2020-03-27,64,false,2023-12-26T16:24:04Z,,E_&_P,non,0.576,0.807,0.479,0.0185,0.0000024,0.0374,90.932,-3.019,5 Seconds Of Summer/Interscope
No Time For Toxic People,Imagine Dragons,Mercury - Act 1,2021-09-03,0,false,2025-02-18T08:47:23Z,,Taff,non,0.584,0.742,0.585,0.00248,0.0000178,0.0373,75.986,-5.201,Kid Ina Korner / Interscope
"Noise Pollution (feat. Mary Elizabeth Winstead & Zoe Manville) - Version A, Vocal up Mix 1.3",Portugal. The Man;Mary Elizabeth Winstead;Zoe Manville,Woodstock,2017-06-16,53,false,1970-01-01T00:00:00Z,,Daily_Mix_3,non,0.477,0.808,0.433,0.133,0.00013,0.0571,100.004,-2.522,Atlantic Records
Not Today,BTS,You Never Walk Alone,2017-02-13,77,false,2023-12-26T16:24:04Z,k-pop,E_&_P,non,0.593,0.945,0.674,0.00174,0,0.126,110.023,-3.408,BIGHIT MUSIC
Nothing Matters,The Last Dinner Party,Prelude to Ecstasy,2024-02-02,71,true,2024-03-09T17:23:04Z,,A&P,non,0.576,0.796,0.589,0.0219,0.000151,0.0375,101.093,-5.1,Universal-Island Records Ltd.
Novocaine,The Unlikely Candidates,Novocaine,2019-03-22,53,true,2024-01-04T15:49:22Z,,,oui,0.652,0.833,0.231,0.00191,0.000536,0.0392,116.043,-4.898,Another Century
Numb,Linkin Park,Meteora,2003-03-25,90,false,2023-12-26T16:23:27Z,"nu metal,rap metal,rock,metal alternatif",Anger,non,0.488,0.87,0.211,0.00353,0,0.0421,110.072,-4.185,Warner Records
Occupy Your Mind,Villagers,Occupy Your Mind,2014-05-12,27,false,2023-12-26T16:24:15Z,,Freak,non,0.514,0.81,0.618,0.0794,0,0.0383,130.024,-6.813,Domino Recording Co
Ocean Drive,Duke Dumont,Ocean Drive,2015-07-31,71,false,2024-01-04T15:49:22Z,house,My_Top_2023,oui,0.686,0.718,0.557,0.00637,0.000703,0.0431,115.026,-5.054,EMI
One Way or Another (Hocus Pocus 2 Version),Bette Midler;Sarah Jessica Parker;Kathy Najimy,Hocus Pocus 2 (Original Soundtrack),2022-09-30,50,false,2024-10-26T21:00:24Z,,J&P,non,0.571,0.893,0.679,0.0717,0,0.0707,81.001,-4.816,Walt Disney Records
Only,Imagine Dragons,Origins (Deluxe),2018-11-09,55,false,2025-02-18T08:47:23Z,,Taff,non,0.691,0.804,0.423,0.0153,0,0.0354,104.996,-5.029,Kid Ina Korner / Interscope
Otherside,Red Hot Chili Peppers,Californication (Deluxe Edition),1999-06-08,86,false,2023-12-26T16:24:31Z,"funk rock,rock alternatif,rock",L_&_P,non,0.458,0.795,0.513,0.00316,0.000202,0.0574,123.229,-3.265,Warner Records
Paint The Town Blue (from the series Arcane League of Legends),Arcane;Ashnikko,Arcane League of Legends: Season 2 (Soundtrack from the Animated Series),2024-11-23,70,false,2025-02-18T16:22:01Z,bande originale,Taff,non,0.599,0.884,0.245,0.00916,0.000105,0.0647,82.472,-5.074,Riot Games
Peace Of Mind,Imagine Dragons,Mercury - Acts 1 & 2,2022-07-01,48,false,2025-02-18T08:47:23Z,,Taff,non,0.61,0.626,0.606,0.0103,0.0000137,0.0333,73.536,-4.784,Kid Ina Korner / Interscope
Pepas,Farruko,Pepas,2021-06-24,80,true,2024-02-24T16:29:44Z,"reggaeton,trap latino",Anniversaire_Stéph_,non,0.762,0.766,0.442,0.00776,0.0000698,0.0343,130.001,-3.955,Sony Music Latin
perdu,Ajar;St Graal,perdu,2022-02-11,33,true,2023-12-26T16:26:04Z,"pop française,pop française indie",My_Top_2023 | Soirée_Parisienne,non,0.592,0.793,0.679,0.0318,0,0.0686,111.117,-5.551,V2 Records
Pocket Full Of Gold,American Authors,What We Live For,2016-07-01,50,false,2023-12-26T16:24:32Z,,Motivation,non,0.608,0.945,0.682,0.00433,0,0.0483,115.933,-3.858,Island Records
Poison - Hazbin Hotel Original Soundtrack,Sam Haft;Andrew Underberg;Hazbin Hotel;Blake Roman,Hazbin Hotel (Original Soundtrack),2024-02-02,60,false,2024-10-18T17:31:04Z,,J&P,oui,0.659,0.783,0.462,0.0207,0,0.0562,74.983,-5.015,A24 Music
Pretender (feat. Lil Yachty & AJR),Steve Aoki;Lil Yachty;AJR,Pretender (feat. Lil Yachty & AJR),2018-05-18,41,false,2025-02-18T08:47:10Z,"électro house,edm",Taff,non,0.637,0.778,0.286,0.025,0,0.0699,103.095,-3.642,"Ultra Records, LLC"
Pride,American Authors,What We Live For,2016-07-01,42,false,2023-12-26T16:24:12Z,,Feel_good,non,0.619,0.869,0.686,0.0217,0,0.0403,103.998,-4.458,Island Records
Pumped Up Kicks - Gus Dapperton Version,Foster The People;Gus Dapperton,Pumped Up Kicks (Gus Dapperton Version),2021-11-10,36,false,2024-01-04T15:49:22Z,bedroom pop,,oui,0.646,0.832,0.594,0.00861,0.281,0.0938,128.056,-6.817,Columbia
Queen of Kings,Alessandra,Queen of Kings,2023-01-09,68,false,2026-02-04T15:25:23Z,,Eurovision,non,0.563,0.908,0.171,0.0696,0,0.0868,125.972,-4.25,Universal Music AS
Reckless,Valley Of Wolves,Out For Blood,2018-01-12,0,false,2024-01-04T15:49:22Z,,,oui,0.482,0.809,0.5,0.437,0,0.0664,86.523,-3.836,Position Music
Red Desert,5 Seconds of Summer,CALM,2020-03-27,58,false,2023-12-26T16:24:04Z,,E_&_P,non,0.501,0.83,0.449,0.0205,0.00000252,0.118,133.927,-4.474,5 Seconds Of Summer/Interscope
Rich Friends,Portugal. The Man,Woodstock,2017-06-16,48,false,1970-01-01T00:00:00Z,,Daily_Mix_3,non,0.607,0.881,0.34,0.00545,0.000344,0.053,94.994,-5.354,Atlantic Records
Ride,Twenty One Pilots,Blurryface,2015-05-15,86,false,2025-02-18T08:47:34Z,,Taff,non,0.645,0.713,0.566,0.00835,0,0.0393,74.989,-5.355,Fueled By Ramen
Rolling in the Deep,Adele,21,2011-01-24,82,false,2023-12-26T16:26:33Z,soft pop,Throwback,non,0.73,0.769,0.507,0.138,0,0.0298,104.948,-5.114,XL Recordings
Roundtable Rival,Lindsey Stirling,Shatter Me,2014-04-28,0,false,2023-12-26T16:26:06Z,"crossover classique,noel",No_talk,non,0.496,0.872,0.611,0.0032,0.113,0.0654,128.046,-3.815,Universal-Island Records Ltd.
Rush,Troye Sivan,Something To Give Each Other,2023-10-13,81,true,2024-01-04T15:49:22Z,,My_Top_2023,oui,0.728,0.841,0.402,0.00242,0.0000909,0.0567,125.991,-7.682,EMI Recorded Music Australia Pty Ltd
Salop(e),Therapie TAXI,Hit Sale,2018-02-02,58,true,2023-12-26T16:26:04Z,"pop française,pop française indie,variété française,house française",My_Top_2023 | Soirée_Parisienne,non,0.525,0.837,0.667,0.0634,0,0.0727,92.926,-4.399,Panenka Music
Sapphire,Ed Sheeran,Sapphire,2025-06-05,77,false,2026-04-19T19:53:56Z,soft pop,,oui,0.631,0.72,0.394,0.0163,0,0.0655,95.011,-6.152,Gingerbread Man Records / Atlantic Records UK
Selene,Imagine Dragons,Night Visions (Deluxe),2012-09-04,40,false,2025-02-18T08:47:23Z,,Taff,non,0.56,0.69,0.567,0.000803,0.00000486,0.0258,94.991,-4.813,Kid Ina Korner / Interscope
Self Care (So Frustrated),Brick + Mortar,Melting UP,2022-08-18,39,true,1970-01-01T00:00:00Z,,Daily_Mix_3,non,0.59,0.841,0.322,0.131,0.0456,0.0519,99.991,-5.122,Opposition
Semi-Automatic,Twenty One Pilots,Vessel,2013-01-08,63,false,2025-02-18T08:47:34Z,,Taff,non,0.78,0.716,0.362,0.0489,0.00000592,0.0439,105.017,-4.551,Fueled By Ramen
Set It All Free,Scarlett Johansson,"Set It All Free (From ""Sing"" Original Motion Picture Soundtrack/ France Version)",2016-11-25,31,false,2025-03-11T13:01:05Z,,,oui,0.493,0.88,0.456,0.00000587,0.00689,0.144,134.026,-4.441,Republic/Universal Pictures/Sing
Shooting Star,Owl City,The Midsummer Station,2012-08-17,56,false,2024-01-04T15:49:22Z,,,oui,0.514,0.873,0.459,0.0124,0,0.0528,124.018,-4.939,Universal Records
Shots,Imagine Dragons,Smoke + Mirrors,2014-09-18,57,false,2025-02-18T08:47:23Z,,Taff,non,0.552,0.76,0.338,0.00713,0.0113,0.0367,104.957,-6.861,Kid Ina Korner / Interscope
Show Me The Way You Love,LEAP,Dark Habits,2023-11-10,55,false,1970-01-01T00:00:00Z,,Daily_Mix_3,non,0.441,0.959,0.4,0.000184,0.0421,0.0966,102.988,-4.993,Epitaph
SHUM,Go_A,SHUM,2021-03-10,0,false,2026-02-04T15:50:08Z,,Eurovision,non,0.527,0.737,0.499,0.05,0.0000785,0.0642,116.431,-5.34,ROCKSOULANA MUSIC
Shy Away,Twenty One Pilots,Scaled And Icy,2021-05-21,69,false,2025-02-18T08:47:34Z,,Taff,non,0.588,0.856,0.635,0.000818,0.0739,0.0316,96.966,-5.242,Fueled By Ramen
Shy Away - Livestream Version,Twenty One Pilots,Shy Away (Livestream Version),2021-06-11,48,false,2025-02-18T08:47:34Z,,Taff,non,0.584,0.88,0.421,0.00138,0.0000616,0.0564,96.972,-4.762,Fueled By Ramen
Sinking Feeling,LEAP,Entropy,2025-10-03,56,false,1970-01-01T00:00:00Z,,Daily_Mix_3,non,0.544,0.892,0.425,0.000136,0.00394,0.0629,99.982,-5.182,Epitaph
Sinners,Barns Courtney,Sinners,2018-02-09,57,false,2023-12-26T16:23:56Z,,Electical_Wood,non,0.505,0.856,0.41,0.109,0,0.107,94.989,-5.162,EMI
Smells Like Teen Spirit,Nirvana,Nevermind (Remastered),1991-09-26,87,false,2023-12-26T16:02:49Z,"grunge,rock",Anniversaire_Stéph_,non,0.502,0.912,0.72,0.0000255,0.000173,0.0564,116.761,-4.556,Geffen
So What,P!nk,Funhouse (Expanded Edition),2008-10-24,79,true,2023-12-26T16:26:33Z,,Throwback,non,0.534,0.87,0.462,0.000334,0,0.0425,126.019,-3.078,LaFace Records
Some Kind Of Kiss,Sound Of Legend,Some Kind Of Kiss,2023-02-24,54,false,2024-01-04T15:49:22Z,,My_Top_2023,oui,0.609,0.957,0.486,0.0092,0.0000135,0.0531,128.066,-3.046,Play Two
Someone To You,BANNERS,Empires On Fire,2017-11-03,71,false,2023-12-26T16:24:23Z,,Love,non,0.468,0.936,0.663,0.00568,0,0.0455,75.05,-3.683,Island Records
Something to Believe In,Young the Giant,Home of the Strange,2016-08-12,63,false,1970-01-01T00:00:00Z,,Daily_Mix_1 | Daily_Mix_3,non,0.623,0.886,0.709,0.0245,0,0.0404,92.021,-3.044,Fueled By Ramen
"Something To Dance For - From ""Shake It Up""",Zendaya,Shake It Up: Live 2 Dance (Deluxe Edition),2012-03-20,44,false,2023-12-26T16:24:45Z,,Movie_night,non,0.667,0.942,0.453,0.00493,0.00011,0.0697,130.024,-5.567,Walt Disney Records
Sorry,SAINT PHNX,DDMN,2020-01-31,34,false,2024-01-04T15:49:22Z,,,oui,0.604,0.787,0.399,0.0187,0,0.0399,82.009,-5.343,DDMN
SOS,Rihanna,A Girl Like Me,2006-04-10,81,false,2023-12-26T16:26:33Z,,Throwback,non,0.677,0.671,0.527,0.004,0.0000507,0.0361,137.046,-4.905,Def Jam Recordings
Stay the Night,James Blunt,Some Kind of Trouble (Deluxe Edition),2010-11-08,63,false,2023-12-26T16:24:12Z,,Feel_good,non,0.528,0.886,0.8,0.0159,0,0.0329,96.001,-6.249,Custard/Atlantic
Staying Gold,Brick + Mortar,Dropped,2015-07-17,37,false,1970-01-01T00:00:00Z,,Daily_Mix_3,non,0.591,0.875,0.501,0.0784,0.000791,0.0652,130.108,-5.759,"Brick + Mortar, LLC"
Sun Is Shining,Axwell /\ Ingrosso;Axwell;Sebastian Ingrosso,More Than You Know,2017-07-28,69,false,2023-12-26T16:24:04Z,edm,E_&_P,non,0.467,0.757,0.383,0.0866,0,0.0517,131.993,-3.01,Pophouse Entertainment Group
Supernatural,Barns Courtney,Supernatural,2024-07-19,56,false,1970-01-01T00:00:00Z,,Daily_Mix_1,non,0.565,0.816,0.591,0.0145,0,0.0332,98.023,-4.722,Avenue A Records
Sweater Weather,The Neighbourhood,I Love You.,2013-04-22,93,false,2023-12-26T16:24:04Z,,E_&_P,non,0.612,0.807,0.398,0.0495,0.0177,0.0336,124.053,-2.81,Columbia
Sweet Tooth,Scott Helman,Hôtel de Ville,2017-05-12,54,false,2024-01-04T15:49:22Z,folk-pop,,oui,0.695,0.896,0.474,0.00405,0.00000258,0.111,94.986,-4.957,Warner Music Canada
Tear in My Heart,Twenty One Pilots,Blurryface,2015-05-15,77,false,2025-02-18T08:47:34Z,,Taff,non,0.655,0.632,0.447,0.0189,0,0.0489,120.113,-4.802,Fueled By Ramen
The Devil in I,Slipknot,.5: The Gray Chapter (Special Edition),2014-10-15,75,false,2023-12-26T16:23:27Z,"nu metal,metal,metal alternatif,rap metal,heavy metal",Anger,non,0.398,0.939,0.235,0.00591,0.000881,0.0648,92.027,-2.865,Roadrunner Records
"The Great Divide (from ""Secret of the Wings"")",McClain Sisters,"The Great Divide (from ""Secret of the Wings"")",2012-01-01,50,false,2023-12-26T16:24:45Z,,Movie_night,non,0.694,0.758,0.545,0.0123,0,0.0942,137.026,-4.091,Walt Disney Records
The Hype,Twenty One Pilots,Trench,2018-10-05,65,false,2025-02-28T14:05:12Z,,Taff,non,0.53,0.816,0.371,0.0105,0.00061,0.0503,87.019,-6.149,Fueled By Ramen
The Judge,Twenty One Pilots,Blurryface,2015-05-15,66,false,1970-01-01T00:00:00Z,,Daily_Mix_1 | Taff,non,0.423,0.797,0.592,0.177,0,0.124,82.617,-4.659,Fueled By Ramen
The Look,Roxette,Look Sharp! (Extended Version),1988-10-21,3,false,2023-12-26T16:02:49Z,pop suédoise,Anniversaire_Stéph_,non,0.634,0.838,0.541,0.0531,0.00000834,0.0413,95.011,-5.363,WM Sweden
The Mystic,Adam Jensen,The Mystic,2016-11-04,59,false,2023-12-26T16:26:23Z,,Strong,non,0.556,0.72,0.405,0.358,0,0.0415,125.324,-5.132,Nettwerk Music Group
Thirsty,AJR,Living Room,2015-03-03,0,false,2025-02-18T08:47:10Z,,Taff,non,0.617,0.708,0.467,0.0681,0,0.0284,96.996,-4.54,AJR Productions/Warner Records
This Is Love,Air Traffic Controller,Black Box,2016-03-11,0,true,2023-12-26T16:23:30Z,folk-pop,ANTI,non,0.621,0.727,0.636,0.126,0,0.0943,112.067,-5.529,Air Traffic Controller
Thumbs,Sabrina Carpenter,EVOLution,2016-10-14,74,false,2023-12-26T16:24:04Z,pop,E_&_P,non,0.73,0.718,0.127,0.0284,0,0.0478,135.045,-3.496,Hollywood Records
Tidal Wave,Portugal. The Man,Woodstock,2017-06-16,59,false,1970-01-01T00:00:00Z,,Daily_Mix_3,non,0.551,0.741,0.399,0.00648,0.00603,0.029,79.984,-4.245,Atlantic Records
Time to Pretend,MGMT,Oracular Spectacular,2007-12-14,81,true,2024-01-17T17:40:57Z,indie,,oui,0.438,0.94,0.421,0.0000874,0.0777,0.0452,100.99,-3.249,Red Ink/Columbia
Tiptoe,Imagine Dragons,Night Visions,2012-09-04,49,false,2025-02-18T08:47:23Z,,Taff,non,0.527,0.82,0.251,0.00154,0.0000193,0.0325,120.041,-5.855,Kid Ina Korner / Interscope
Trees,Twenty One Pilots,Vessel,2013-01-08,64,false,2025-02-18T08:47:34Z,,Taff,non,0.584,0.833,0.324,0.00359,0.0000344,0.041,140.013,-5.9,Fueled By Ramen
Trust,Boy Epic,Trust,2017-06-09,38,false,2024-01-04T15:49:22Z,,,oui,0.66,0.897,0.492,0.0108,0.000484,0.155,130.033,-3.416,Epic Trees
Twenty-something Socialist,The Crystal Casino Band,Maryland House,2023-01-27,42,false,2023-12-26T16:23:30Z,,ANTI,non,0.459,0.728,0.615,0.0000822,0.00599,0.0413,119.967,-6.419,Crystal Casino Band LLC
Uprising,Muse,The Resistance,2009-09-10,80,false,2023-12-26T16:02:49Z,"rock alternatif,rock",Anniversaire_Stéph_ | L_&_P,non,0.602,0.905,0.411,0.000202,0.064,0.0775,128.019,-4.046,Warner Records
Used to the Darkness,Des Rocs,Let the Vultures In,2018-11-02,61,false,1970-01-01T00:00:00Z,,Daily_Mix_1 | Daily_Mix_3 | Electical_Wood | Favs,non,0.674,0.751,0.471,0.181,0,0.0359,106.007,-4.672,Lowly
Vampire Disco,Friday Pilots Club,Nowhere,2024-05-09,56,true,1970-01-01T00:00:00Z,,Daily_Mix_3,non,0.559,0.767,0.275,0.00988,0.00000785,0.0618,115.036,-5.732,Friday Pilots Club
Van Horn,Saint Motel,The Original Motion Picture Soundtrack,2021-06-25,60,false,1970-01-01T00:00:00Z,,Daily_Mix_1,oui,0.642,0.806,0.43,0.00281,0.0000217,0.0421,124.514,-4.568,Elektra (NEK)
Vignette,Twenty One Pilots,Clancy,2024-05-24,67,false,2025-02-18T08:47:34Z,,Taff,non,0.596,0.77,0.47,0.00438,0.000122,0.0407,97.063,-4.815,Fueled By Ramen
Vogue,Madonna,Celebration (double disc version),2009-09-18,44,false,2024-02-24T16:35:43Z,,Anniversaire_Stéph_,oui,0.737,0.88,0.329,0.00379,0.00351,0.0433,115.997,-6.449,Warner Records
Wake Me up When September Ends,Green Day,American Idiot,2004-09-21,82,false,2023-12-26T16:24:05Z,"punk,punk pop",Energy | L_&_P,non,0.546,0.814,0.146,0.023,0,0.0314,104.98,-5.146,Reprise
Watermelon Sugar,Harry Styles,Fine Line,2019-12-13,87,false,2023-12-26T16:24:04Z,,E_&_P,non,0.548,0.816,0.557,0.122,0,0.0465,95.39,-4.209,Columbia
Ways to Be Wicked,Dove Cameron;Sofia Carson;Cameron Boyce;Booboo Stewart;Disney,Descendants 2 (Original TV Movie Soundtrack),2017-07-21,67,false,2023-12-26T16:24:45Z,,Movie_night,non,0.625,0.98,0.408,0.11,0.00000807,0.132,113.027,-4.222,Walt Disney Records
We Are Légendaires,The Cast of Drag Race France;Les Reines de Drag Race France,We Are Légendaires,2023-07-05,28,false,2024-10-21T08:27:56Z,,J&P,non,0.71,0.836,0.389,0.1,0.000121,0.0871,124.074,-5.1,World of Wonder Records
We Don't Believe What's on TV,Twenty One Pilots,Blurryface,2015-05-15,65,false,2025-02-18T08:47:34Z,,Taff,non,0.547,0.936,0.642,0.23,0.00000304,0.102,120.003,-4.023,Fueled By Ramen
We R Killin It,Cheap Synths,We R Killin It,2020-04-03,16,true,2024-01-04T15:49:22Z,,,oui,0.603,0.894,0.583,0.00538,0.00000651,0.0539,120.056,-9.383,Cheap Synths
Weak (Acoustic Version),AJR,Weak Remixes,2017-05-05,0,false,2025-02-18T08:47:10Z,,Taff,non,0.621,0.729,0.54,0.0562,0,0.0595,123.912,-3.777,AJR Productions
What I've Done,Linkin Park,Minutes to Midnight,2007-05-14,87,false,2023-12-26T16:23:27Z,"nu metal,rap metal,rock,metal alternatif",Anger,non,0.627,0.935,0.287,0.0092,0,0.0324,120.092,-4.882,Warner Records
Whatever It Takes,Imagine Dragons,Evolve,2017-06-23,5,false,2025-02-18T08:47:23Z,,Taff,non,0.675,0.662,0.536,0.0392,0,0.0318,134.936,-4.989,Kid Ina Korner / Interscope
Whisper,Superbus,Sunset,2012-01-01,33,false,2024-10-18T17:32:05Z,"variété française,pop française",J&P,non,0.562,0.805,0.486,0.0000233,0.0522,0.0347,120.018,-4.888,Universal Music Division Label Panthéon
Who Do You Love,The Chainsmokers;5 Seconds of Summer,World War Joy,2019-12-06,68,true,2023-12-26T16:24:04Z,,E_&_P,non,0.51,0.846,0.475,0.0101,0,0.0461,139.927,-4.595,Disruptor Records/Columbia
Wildflower,5 Seconds of Summer,CALM,2020-03-27,57,false,2023-12-26T16:24:04Z,,E_&_P,non,0.644,0.768,0.598,0.174,0,0.0455,108.992,-4.316,5 Seconds Of Summer/Interscope
Wolves,Rag'n'Bone Man,Human (Deluxe),2017-02-10,41,false,2023-12-26T16:23:56Z,,Electical_Wood,non,0.787,0.779,0.412,0.11,0.00000803,0.102,103.992,-4.955,Best Laid Plans/Columbia
WOW (feat. Sabrina Carpenter) - Remix,Zara Larsson;Sabrina Carpenter,WOW (feat. Sabrina Carpenter) [Remix],2020-09-25,66,false,2023-12-26T16:24:04Z,pop,E_&_P,non,0.702,0.744,0.305,0.469,0,0.0861,77.486,-4.063,Epic/Record Company TEN
"You're Gonna Go Far, Kid",The Offspring,"Rise And Fall, Rage And Grace",2008-06-17,84,true,1970-01-01T00:00:00Z,"punk,skate punk",Daily_Mix_1,non,0.55,0.917,0.601,0.00428,0,0.0638,126.115,-3.159,Concord Records
ZITTI E BUONI,Måneskin,Teatro d'ira - Vol. I,2021-03-19,74,true,2023-12-26T16:23:27Z,,Anger,non,0.625,0.939,0.644,0.00138,0,0.0669,102.999,-3.115,RCA Records Label
Zombie Love,Bohnes,206: Act I,2018-03-03,55,true,2023-12-26T16:23:30Z,,ANTI,non,0.592,0.689,0.693,0.117,0,0.0556,71.987,-3.58,Nettwerk Music Group
Évidemment,La Zarra,Évidemment,2023-02-19,54,false,2023-12-26T16:24:07Z,pop française,Eurovision,non,0.731,0.743,0.239,0.116,0,0.0682,120.01,-4.626,Universal Music Division Capitol Music France
Annabelle's Homework,Alec Benjamin,Narrated For You,2018-11-16,53,false,2023-12-26T16:26:11Z,,Sadness,non,0.676,0.634,0.33,0.701,0.00000163,0.0385,86.004,-5.377,2018
Autoestima,Cupido,Préstame Un Sentimiento,2019-02-14,40,false,2023-12-26T16:26:04Z,,My_Top_2023 | Spanish,non,0.79,0.453,0.591,0.785,0,0.0992,148.139,-10.816,Universal Music Spain S.L.
Banana Pancakes,Jack Johnson,In Between Dreams,2005-01-01,73,false,2023-12-26T16:24:12Z,surf rock,Feel_good,non,0.814,0.373,0.632,0.602,0.000017,0.116,114.548,-8.017,Jack Johnson
Barbaras Rhabarberbar,Bodo Wartke;Marti Fischer,Zungenbrecher 4.0 - Staffel 4,2023-12-15,54,false,2024-04-15T22:06:00Z,auteurs-compositeurs-interprètes,,oui,0.911,0.568,0.923,0.615,0.00023,0.16,113.937,-11.472,Reimkultur Musikverlag
Be Alright,Dean Lewis,Be Alright,2018-06-29,75,true,2023-12-26T16:26:11Z,,Sadness,non,0.553,0.586,0.443,0.697,0,0.0362,126.684,-6.319,Universal Music Australia Pty. Ltd.
Belle,Paola,Belle,2024-02-09,31,false,2024-03-02T17:29:16Z,"pop française,pop française indie",A&P,non,0.701,0.437,0.504,0.472,0.0000193,0.0749,104.17,-8.413,Play Two
Café des Lilas,Lilian Barbe,Café des Lilas,2022-03-26,36,true,2024-05-29T17:28:25Z,,,oui,0.421,0.663,0.773,0.932,0.000795,0.265,79.547,-10.469,Lilian Barbe
Catch & Release,Matt Simons,Catch & Release,2015-09-18,52,false,2023-12-26T16:26:33Z,,Throwback,non,0.62,0.447,0.612,0.815,0.000216,0.147,86.647,-9.383,Next Plateau Entertainment
Click Clack Symphony. (feat. Hans Zimmer),RAYE;Hans Zimmer,Click Clack Symphony. (feat. Hans Zimmer),2026-03-20,80,false,2026-03-24T10:04:54Z,"b.o.,bande originale",,oui,0.602,0.596,0.627,0.515,0.00000192,0.048,94.121,-8.724,Human Re Sources
Closer,The Chainsmokers;Halsey,Closer,2016-07-29,89,false,2023-12-26T16:24:04Z,,E_&_P,non,0.748,0.524,0.661,0.414,0,0.0338,95.01,-5.599,Disruptor Records/Columbia
Coastline,Hollow Coves,Wanderlust,2017-03-17,79,false,2023-12-26T16:23:54Z,indie folk,Ballad,non,0.67,0.496,0.427,0.627,0.00319,0.0277,100.17,-11.23,Nettwerk Music Group
Come & Cuddle Me,Hellcat,Come & Cuddle Me,2023-11-08,11,true,2023-12-26T18:24:06Z,,A&P,non,0.635,0.547,0.345,0.431,0.0192,0.0304,129.98,-10.178,Hellcat
Dance Monkey,Tones And I,Capodanno POP INTERNAZIONALE 2024,2023-12-22,0,false,2023-12-26T16:02:49Z,,Anniversaire_Stéph_,non,0.824,0.587,0.514,0.69,0.000105,0.0937,98.029,-6.401,Warner Music Group - X5 Music Group
Dancing In The Dark,Imagine Dragons,Evolve,2017-06-23,0,false,2025-02-18T08:47:23Z,,Taff,non,0.69,0.324,0.591,0.803,0.000669,0.194,134.022,-10.344,Kid Ina Korner / Interscope
Demons,Alec Benjamin,These Two Windows,2020-05-29,58,false,2023-12-26T16:26:11Z,,Sadness,non,0.708,0.494,0.76,0.697,0.000115,0.0365,142.921,-7.496,P2020
Des mythos,Theodora,Des mythos,2026-02-05,70,true,2026-03-19T10:48:21Z,"shatta,rap français",,oui,0.8,0.62,0.616,0.479,0,0.163,122.058,-6.532,Virgin Records FR LAS (S&D)
Devil Like You,Gareth Dunlop,Devil Like You,2016-03-02,42,false,2023-12-26T16:24:23Z,,Love,non,0.901,0.365,0.423,0.774,0.0686,0.0329,114.965,-11.996,Moraine Records
Don't Matter,Derik Fein,Vertigo,2022-08-26,63,false,2024-01-04T15:49:22Z,,,oui,0.706,0.544,0.567,0.406,0,0.0502,98.892,-8.062,Derik Fein
Elephant,Tame Impala,Lonerism,2012-01-01,75,false,1970-01-01T00:00:00Z,"musique néo-psychédélique,indie",Daily_Mix_1,non,0.598,0.553,0.533,0.562,0.157,0.0397,123.075,-6.742,Modular
Feed the Machine,Poor Man's Poison,Feed the Machine,2020-07-17,71,false,1970-01-01T00:00:00Z,southern gothic,Daily_Mix_1,non,0.643,0.452,0.771,0.458,0,0.113,176.008,-11.288,Poor Man's Poison
Feeling Good,Michael Bublé,It's Time,2005-02-08,73,false,2024-01-04T15:49:22Z,noel,,oui,0.535,0.548,0.477,0.533,0.00000148,0.037,115.144,-6.51,143/Reprise
Fine,Kyle Hume,Fine,2022-09-16,67,false,2023-12-26T16:26:27Z,,Therapy,non,0.623,0.568,0.681,0.411,0,0.0495,78.133,-4.537,Kyle Hume
Friends (The Way I Wrote It),Ian McConnell,Friends (The Way I Wrote It),2022-08-18,34,true,2023-12-26T16:26:27Z,,Therapy,non,0.832,0.367,0.808,0.789,0,0.0503,130.079,-9.285,Ian McConnell
God is Really Real,AJR,The Maybe Man,2023-11-10,46,true,2025-02-18T08:47:10Z,,Taff,non,0.697,0.331,0.559,0.584,0,0.0413,134.513,-10.133,Mercury Records / Republic Records
Growing Old on Bleecker Street,AJR,Living Room,2015-03-03,0,false,2025-02-18T08:47:10Z,,Taff,non,0.714,0.449,0.719,0.828,0.0000613,0.0374,96.041,-10.816,AJR Productions/Warner Records
Hakuna Matata,Dimitri Rougeul;Emmanuel Curtil;Jean-Philippe Puymartin;Michel Elias,The Lion King: Special Edition Original Soundtrack (French Version),2003-01-01,52,false,2023-12-26T16:24:45Z,,Movie_night,non,0.517,0.468,0.645,0.58,0.00000322,0.147,84.616,-12.623,Disney Records (Europe)
Happy Home,Lukas Graham,Lukas Graham,2016-04-01,50,false,2024-01-04T15:49:22Z,pop danoise,,oui,0.754,0.322,0.475,0.392,0,0.0476,128.108,-8.568,Warner Records
Heat Waves,Glass Animals,Dreamland,2020-08-07,89,false,2023-12-26T16:24:12Z,,Feel_good,non,0.761,0.525,0.531,0.44,0.0000067,0.0944,80.87,-6.9,Polydor Records
Hit Me Like That Snare (feat. Rejjie Snow) (Rejjie Snow Version),alt-J;Rejjie Snow;Lewis OfMan,REDUXER,2018-09-28,34,true,2024-06-25T11:18:18Z,"indie,indie rock,jazz rap,pop française indie",Musique_du_dimanche,oui,0.863,0.465,0.346,0.35,0.0806,0.0569,126.02,-11.132,Infectious Music
Jericho,Iniko,Jericho,2023-04-15,67,false,2024-01-04T15:49:22Z,,,oui,0.721,0.541,0.616,0.528,0,0.12,153.919,-8.924,Columbia
L'invisible,Renard Tortue,L'invisible,2021-08-27,27,false,2023-12-26T18:19:33Z,"pop française indie,pop française",A&P | Soirée_Parisienne,non,0.702,0.439,0.374,0.715,0.000288,0.11,132.013,-11.553,Renard Tortue
La Perla,ROSALÍA;Yahritza Y Su Esencia,LUX,2025-11-07,87,true,2025-11-20T14:08:47Z,"latino,sad sierreño,música mexicana",,oui,0.651,0.335,0.427,0.906,0,0.0584,146.974,-6.008,Columbia
Le club des 27,Jean Castel,Le club des 27,2023-09-22,0,true,2023-12-26T17:58:00Z,,A&P | Soirée_Parisienne,non,0.679,0.544,0.48,0.451,0,0.031,102.92,-6.484,2023 Jean Castel
Le vent nous portera,Noir Désir,Des visages des figures,2001-01-01,49,false,2023-12-26T16:02:49Z,"variété française,chanson,pop française,house française",Anniversaire_Stéph_,non,0.672,0.721,0.798,0.738,0.0389,0.0621,105.225,-9.655,Universal Music Division Barclay
Let's Fall in Love for the Night,FINNEAS,Blood Harmony,2019-10-04,0,true,2023-12-26T16:24:23Z,,Love,non,0.737,0.408,0.374,0.802,0,0.104,127.918,-7.941,OYOY
Listen to the Man,George Ezra,Wanted on Voyage (Expanded Edition),2014-06-30,58,false,2023-12-26T16:24:12Z,,Feel_good,non,0.599,0.551,0.538,0.503,0,0.0317,121.122,-5.937,Columbia
Loungin (Who Do Ya Luv),LL COOL J,All World,1996-01-01,46,false,2023-12-26T16:02:49Z,"hip-hop old school,hip-hop east coast",Anniversaire_Stéph_,non,0.819,0.559,0.522,0.441,0.00609,0.187,99.914,-10.204,Def Jam Recordings
Loverboy,A-Wall,Loverboy,2019-06-28,1,false,2023-12-26T16:24:23Z,bedroom pop,Love,non,0.604,0.466,0.499,0.649,0.0334,0.0315,120.045,-10.093,Revolution Records
Matcha Queen,Yoa,Matcha Queen,2024-03-21,33,false,2024-10-18T17:31:11Z,"pop française,pop française indie",J&P,non,0.748,0.388,0.733,0.493,0.00272,0.0365,122.869,-9.375,Panenka Music
Memories,Maroon 5,JORDI (Deluxe),2021-06-11,84,false,2023-12-26T16:02:49Z,pop,Anniversaire_Stéph_,non,0.775,0.327,0.595,0.841,0,0.0557,91.05,-7.241,Interscope Records*
Monica - Demo,Imagine Dragons,Monica (Demo),2025-01-27,42,false,2025-02-18T08:47:23Z,,Taff,non,0.821,0.544,0.736,0.601,0.000362,0.0769,109.02,-5.683,Kid Ina Korner / Interscope
Mouvement,Suzane,Mouvement,2025-02-19,41,false,2025-07-06T19:02:44Z,"pop française,variété française,chanson,house française",,oui,0.782,0.645,0.619,0.468,0.00126,0.0493,118.005,-7.782,Wagram Music / 3ème Bureau
Neon Gravestones,Twenty One Pilots,Trench,2018-10-05,62,false,2025-02-18T08:47:34Z,,Taff,non,0.73,0.427,0.392,0.379,0.000309,0.138,149.45,-9.834,Fueled By Ramen
Oldies Station,Twenty One Pilots,Clancy,2024-05-24,65,false,2025-02-18T08:47:34Z,,Taff,non,0.748,0.556,0.445,0.504,0.0000121,0.0276,101.004,-7.122,Fueled By Ramen
One Day,Imagine Dragons,Mercury - Act 1,2021-09-03,0,false,2025-02-18T08:47:23Z,,Taff,non,0.68,0.414,0.639,0.668,0,0.0377,89.945,-7.955,Kid Ina Korner / Interscope
Ophelia,The Lumineers,Cleopatra,2016-04-08,5,false,2024-01-04T15:49:22Z,"folk-pop,indie folk",,oui,0.664,0.573,0.566,0.613,0.000363,0.0277,76.02,-6.519,Decca (UMO)
Pakomifo,Renard Tortue,Pakomifo,2021-11-05,30,false,2024-10-21T20:22:05Z,"pop française indie,pop française",Soirée_Parisienne,non,0.768,0.408,0.525,0.802,0.00000163,0.278,98.246,-11.576,Renard Tortue
Palebon,Renard Tortue,Pakomifo,2021-11-05,20,false,2024-11-12T18:25:32Z,"pop française indie,pop française",,oui,0.802,0.558,0.524,0.592,0.00108,0.0698,126.963,-12.72,Renard Tortue
"Poupée de cire, poupée de son",France Gall,Tubes pour danser - Années 60,2023-12-15,39,false,2026-02-04T15:26:02Z,"variété française,chanson,pop française,house française",Eurovision,non,0.545,0.623,0.881,0.749,0,0.0305,147.228,-7.969,UME - Global Clearing House
Pretender - Acoustic,AJR,The Click (Deluxe Edition),2018-09-21,0,false,2025-02-18T08:47:10Z,,Taff,non,0.811,0.365,0.539,0.639,0,0.0291,97.941,-6.943,AJR Productions
Que tu te déhanches devant moi,Laurie Darmon,Femme Studio,2020-03-06,39,false,2024-02-04T09:02:40Z,"pop française,pop française indie",A&P,non,0.847,0.451,0.656,0.677,0.00406,0.12,120.013,-10.76,Play Two
Role Models,AJR,The Click (Deluxe Edition),2018-09-21,0,false,2025-02-18T08:47:10Z,,Taff,non,0.653,0.425,0.484,0.466,0,0.0264,101.795,-6.253,AJR Productions
Rome,Solann,Rome,2023-12-05,49,false,2024-01-25T18:55:44Z,"pop française,variété française",A&P,oui,0.729,0.321,0.801,0.841,0.00000149,0.0356,103.906,-10.132,Wagram Music / Cinq 7
Rotos,Ona Mafalda,Rotos,2021-06-22,23,false,2023-12-26T16:26:22Z,,Spanish,non,0.785,0.514,0.595,0.409,0,0.046,110.038,-6.992,Mafalda Music
Same Love (feat. Mary Lambert),Macklemore & Ryan Lewis;Macklemore;Ryan Lewis;Mary Lambert,The Heist,2012-10-09,60,false,2023-12-26T16:24:23Z,,Love,non,0.688,0.473,0.299,0.716,0.0000446,0.167,84.958,-9.059,Macklemore
Soleil Soleil (feat. November Ultra),Voyou;November Ultra,Les Royaumes Minuscules,2023-02-24,35,false,2023-12-26T17:58:00Z,"pop française indie,pop française,house française",A&P | Soirée_Parisienne,non,0.75,0.411,0.532,0.876,0.0552,0.0329,104.04,-10.52,A+LSO
Stick Season,Noah Kahan,Stick Season,2022-10-14,87,false,2024-01-21T13:07:38Z,,Musique_du_dimanche,oui,0.664,0.5,0.801,0.799,0,0.0651,117.896,-6.935,Mercury Records/Republic Records
Sunflower,Rex Orange County,Sunflower,2017-03-22,74,true,2023-12-26T16:23:54Z,bedroom pop,Ballad,non,0.548,0.765,0.573,0.646,0.00378,0.0525,129.933,-4.463,Rex Orange County
Tainted Love,Soft Cell,Non-Stop Erotic Cabaret,1981,77,false,2023-12-26T16:02:49Z,"synthpop,new wave",Anniversaire_Stéph_,non,0.5,0.501,0.623,0.462,0,0.0376,144.438,-8.284,EMI
Tainted Love,Milky Chance,Trip Tape,2021-11-03,59,false,2024-03-06T19:52:30Z,,Musique_du_dimanche,oui,0.843,0.335,0.408,0.539,0.373,0.102,113.979,-11.537,Muggelig Records GmbH
Take Me To Church,Hozier,Hozier,2014-09-19,85,false,2026-04-17T22:25:18Z,,Piano,non,0.575,0.664,0.437,0.637,0,0.0481,129.071,-5.303,Universal-Island Records Ltd.
The Boy Is Mine,Brandy;Monica,Never Say Never,1998-05-29,77,false,2023-12-26T16:02:49Z,r&b,Anniversaire_Stéph_,non,0.704,0.707,0.761,0.539,0.00106,0.0391,93.145,-6.537,Atlantic Records
The Other Side Of Paradise,Glass Animals,How To Be A Human Being,2016-08-26,71,true,2024-01-04T15:49:22Z,,,oui,0.689,0.338,0.568,0.349,0.000057,0.0629,128.012,-7.634,Wolf Tone
Thrift Shop,Tyler Ward;Lindsey Stirling,"1 Original, ONE Cover",2013-01-14,0,false,2024-01-04T15:49:22Z,"pop acoustique,crossover classique,noel",,oui,0.707,0.533,0.472,0.553,0,0.0416,94.987,-5.794,mudhutdigital.com
Two Trees,Edgär,Two Trees,2016-09-21,0,false,2024-02-04T09:22:13Z,pop française indie,Musique_du_dimanche,oui,0.794,0.616,0.309,0.49,0.0000434,0.0296,108.027,-7.539,Edgär
Wamkelekile,Hot Water,South,2010-12-21,52,false,2026-02-25T11:01:15Z,,,oui,0.799,0.703,0.959,0.612,0.00000437,0.0948,125,-7.832,Sikisiki Records
West Coast,Imagine Dragons,Origins (Deluxe),2018-11-09,65,false,2025-02-18T08:47:23Z,,Taff,non,0.67,0.715,0.677,0.581,0.00000214,0.0268,104.969,-6.18,Kid Ina Korner / Interscope
With You,Tyler Shaw,Intuition,2018-09-28,48,false,2023-12-26T16:24:23Z,,Love,non,0.724,0.569,0.445,0.537,0,0.0791,97.995,-6.21,Sony Music Canada
Young Souls,Broken Back,"Dear Misfortune, Mother of Joy - EP",2015-08-06,50,false,2023-12-26T16:23:54Z,folk-pop,Ballad | My_Top_2023,non,0.702,0.606,0.463,0.416,0,0.0443,99.95,-10.285,Broken Back Inc / Sony Music Entertainment
#1,Imagine Dragons,Mercury - Act 1,2021-09-03,0,false,2025-02-18T08:47:23Z,,Taff,non,0.692,0.695,0.634,0.0897,0,0.109,92.98,-4.448,Kid Ina Korner / Interscope
4 Minutes (feat. Justin Timberlake & Timbaland),Madonna;Justin Timberlake;Timbaland,Celebration (double disc version),2009-09-18,51,false,2023-12-26T16:26:33Z,,Throwback,non,0.753,0.931,0.767,0.00994,0.00696,0.0653,113.026,-4.922,Warner Records
Alter Ego (with JT),Doechii;JT,Alter Ego (with JT),2024-03-29,78,true,2025-01-11T13:27:15Z,,,oui,0.841,0.725,0.731,0.00821,0.00000215,0.0624,127.047,-5.314,Top Dawg Entertainment/Capitol Records
Amour censure,Hoshi,Sommeil levant,2020-06-05,60,false,2023-12-26T16:24:23Z,"pop française,variété française,chanson",Love,non,0.648,0.753,0.628,0.319,0,0.0702,101.997,-5.383,Jo&Co
Arrow,Rag'n'Bone Man,Human (Deluxe),2017-02-10,46,false,2023-12-26T16:23:56Z,,Electical_Wood,non,0.655,0.723,0.675,0.443,0,0.0651,119.012,-5.542,Best Laid Plans/Columbia
Bad Habits,Madame Gandhi,Bad Habits,2018-10-12,31,false,2024-06-12T14:14:08Z,,Musique_du_dimanche | My_Top_2023,non,0.761,0.868,0.592,0.00439,0.0353,0.0502,99.484,-3.508,Madame Gandhi LLC
Bailando - Spanish Version,Enrique Iglesias;Descemer Bueno;Gente De Zona,SEX AND LOVE (Deluxe Edition),2014-07-04,12,false,2023-12-26T16:24:21Z,"pop latino,latino,dance latino",Latino,non,0.718,0.792,0.96,0.0467,0.00000365,0.105,90.949,-3.519,Universal Music Group International
Beat It,Michael Jackson,Thriller 25 Super Deluxe Edition,2008-02-08,79,false,2023-12-26T16:02:49Z,,Anniversaire_Stéph_,non,0.776,0.867,0.918,0.0495,0.00000792,0.0479,138.827,-3.704,Epic/Legacy
Believe,Shawn Mendes,Descendants (Original TV Movie Soundtrack),2015-01-01,45,false,2023-12-26T16:24:04Z,,E_&_P,non,0.813,0.668,0.785,0.183,0,0.0657,117.006,-5.585,Walt Disney Records
"Believe That - From ""The Lodge""",Cast of The Lodge,"Believe That (From ""The Lodge"")",2016-07-15,32,false,2023-12-26T16:24:45Z,,Movie_night,non,0.792,0.894,0.911,0.105,0,0.173,115.032,-3.561,Walt Disney Records
Believer,Imagine Dragons,Evolve,2017-06-23,88,false,2024-02-24T16:28:47Z,,Anniversaire_Stéph_,non,0.776,0.78,0.666,0.0622,0,0.128,124.949,-4.374,Kid Ina Korner / Interscope
Believer,American Authors,"Oh, What A Life",2014-01-01,48,false,2023-12-26T16:24:12Z,,Feel_good,non,0.582,0.968,0.91,0.00138,0.0128,0.0367,120,-2.909,Island Records
Believer,Imagine Dragons,Evolve,2017-06-23,4,false,2025-02-18T08:47:23Z,,Taff,non,0.772,0.78,0.719,0.0512,0,0.108,124.988,-4.288,Kid Ina Korner / Interscope
Black Madonna,Cage The Elephant,Social Cues,2019-04-19,64,false,1970-01-01T00:00:00Z,,Daily_Mix_1,non,0.705,0.728,0.966,0.00122,0.0693,0.035,109.991,-3.184,RCA Records Label
Blood In The Cut,K.Flay,Every Where Is Some Where,2017-04-07,61,true,2023-12-26T16:23:30Z,,ANTI,non,0.77,0.655,0.639,0.118,0.0234,0.0316,129.964,-5.369,Dan Reynolds PS
Blur,Imagine Dragons,Mercury - Acts 1 & 2,2022-07-01,51,false,2025-02-18T08:47:23Z,,Taff,non,0.684,0.785,0.639,0.00416,0.0000034,0.0422,129.988,-3.219,Kid Ina Korner / Interscope
Bon Appétit,Katy Perry;Migos,Witness (Deluxe),2017-06-09,75,false,2023-12-26T16:26:33Z,"pop,trap",Throwback,non,0.8,0.795,0.528,0.131,0.0000902,0.0626,106.031,-5.835,Capitol Records (CAP)
Bones,Imagine Dragons,Mercury - Acts 1 & 2,2022-07-01,82,false,2025-02-18T08:47:23Z,,Taff,non,0.772,0.75,0.587,0.0201,0,0.0455,114.061,-3.67,Kid Ina Korner / Interscope
Boogie Shoes,KC & The Sunshine Band,The TK Years,2009-03-09,47,false,2023-12-26T16:26:08Z,disco,Roadtrip,non,0.935,0.883,0.965,0.458,0.208,0.0523,113.996,-7.876,Parlophone UK
"Boogie Wonderland (with The Emotions) - 12"" Version","Earth, Wind & Fire;The Emotions",The Legacy of Disco,2015-07-17,44,false,2023-12-26T16:02:49Z,"funk,disco,motown",Anniversaire_Stéph_,non,0.753,0.913,0.968,0.0489,0.228,0.0294,132.008,-5.882,Sony Music Catalog
Boom Boom Pow,Black Eyed Peas,THE E.N.D. (THE ENERGY NEVER DIES) [Deluxe Version],2009-01-01,74,true,2023-12-26T16:26:33Z,,Throwback,non,0.866,0.857,0.408,0.13,0.0017,0.0664,130.049,-5.894,Interscope
Bounce Man,Twenty One Pilots,Scaled And Icy,2021-05-21,59,false,2023-12-26T16:24:12Z,,Feel_good,non,0.704,0.696,0.577,0.269,0.00029,0.0568,141.955,-6.48,Fueled By Ramen
Boy With Luv (feat. Halsey),BTS;Halsey,MAP OF THE SOUL : PERSONA,2019-04-12,79,false,2023-12-26T16:24:04Z,k-pop,E_&_P,non,0.645,0.862,0.803,0.0933,0,0.0845,119.947,-4.761,BIGHIT MUSIC
Brazil,Declan McKenna,What Do You Think About the Car?,2017-04-21,83,false,2023-12-26T16:23:54Z,,Ballad | My_Top_2023,non,0.687,0.617,0.665,0.0941,0.0000127,0.0287,121.079,-5.213,Columbia
Break the Rules,Charli xcx,SUCKER,2015-02-09,62,true,2023-12-26T16:24:04Z,"hyperpop,art pop",E_&_P,non,0.676,0.926,0.818,0.0305,0.000658,0.0425,124.019,-2.244,Asylum
Bubble - Night Visions Demo,Imagine Dragons,Night Visions (Expanded Edition / Super Deluxe),2022-09-09,39,false,2025-02-18T08:47:23Z,,Taff,non,0.639,0.864,0.737,0.151,0,0.0402,114.928,-6.395,Kid Ina Korner / Interscope
Bud Like You,AJR,The Click (Deluxe Edition),2018-09-21,0,false,2025-02-18T08:47:10Z,,Taff,non,0.637,0.607,0.665,0.0624,0,0.0405,124.877,-3.645,AJR Productions
Bullet In A Gun,Imagine Dragons,Origins (Deluxe),2018-11-09,54,false,2025-02-18T08:47:23Z,,Taff,non,0.816,0.736,0.476,0.16,0.000108,0.0535,130.028,-5.495,Kid Ina Korner / Interscope
Bum Bum Tam Tam,MC Fioti;Future;J Balvin;Stefflon Don;Juan Magán,Bum Bum Tam Tam,2017-12-17,29,false,2023-12-26T16:24:21Z,"funk brésilienne,rap,reggaeton,latino,dancehall",Latino,non,0.898,0.699,0.64,0.336,0.00000861,0.112,131.99,-3.781,Teta
Cake By The Ocean,DNCE,DNCE,2016-11-18,84,true,2023-12-26T16:24:04Z,,E_&_P,non,0.774,0.753,0.896,0.152,0,0.0517,119.002,-5.446,Joseph Jonas/Republic Records
Calm Down,Rema;Selena Gomez,Non- Stop Pop,2023-01-26,0,false,2024-02-24T16:48:24Z,"afrobeats,afrobeat,afropop,afropiano",Anniversaire_Stéph_,non,0.801,0.806,0.802,0.382,0.000669,0.0381,106.999,-5.206,UME - Global Clearing House
Calma - Remix,Pedro Capó;Farruko,MUNAY,2020-09-18,68,false,2024-07-17T14:15:01Z,"pop latino,latino,reggaeton,trap latino",Latino,non,0.826,0.764,0.761,0.337,0,0.0522,126.9,-4.341,Sony Music Latin
Cane Shuga,Glass Animals,How To Be A Human Being,2016-08-26,57,false,2024-06-21T11:26:23Z,,,oui,0.796,0.794,0.853,0.536,0.29,0.0386,136.055,-5.661,Wolf Tone
Castaway,Barns Courtney,404,2019-09-06,51,false,2024-07-23T13:20:20Z,,,oui,0.666,0.69,0.745,0.0124,0.0000436,0.0358,140.022,-4.277,Virgin EMI
Chantaje (feat. Maluma),Shakira;Maluma,El Dorado,2017-05-26,85,false,2023-12-26T16:26:33Z,"pop latino,reggaeton,latino,urbano latino",Throwback,non,0.852,0.773,0.907,0.187,0.0000305,0.0776,102.034,-2.921,Sony Music Latin
Chillin' Like a Villain,Sofia Carson;Cameron Boyce;Booboo Stewart;Mitchell Hope;Disney,Descendants 2 (Original TV Movie Soundtrack),2017-07-21,68,false,2023-12-26T16:24:45Z,,Movie_night,non,0.697,0.775,0.826,0.0318,0,0.083,113.886,-6.664,Walt Disney Records
Con Calma,Daddy Yankee;Snow,Con Calma,2019-01-24,82,false,2023-12-26T16:24:04Z,"reggaeton,latino",E_&_P | Latino,non,0.737,0.86,0.656,0.11,0.00000194,0.0593,93.989,-2.652,Craft Latino
Dance (Our Own Party),The Busker,Dance (Our Own Party),2023-03-03,38,false,2023-12-26T16:24:07Z,,Eurovision,non,0.695,0.778,0.824,0.0217,0.00359,0.0407,103.015,-5.634,3241986 Records DK2
Dancing Queen,ABBA,Arrival,1976,87,false,2024-02-24T16:36:44Z,,Anniversaire_Stéph_,non,0.543,0.87,0.754,0.358,0.000939,0.0428,100.804,-6.514,Polar Music International AB
Danza Kuduro,Don Omar;Lucenzo,Meet The Orphans,2010-01-01,81,false,2024-12-04T15:59:21Z,"reggaeton,urbano latino,kuduro",Anniversaire_Stéph_,non,0.7,0.917,0.888,0.0773,0,0.115,130.04,-4.897,UMLE - Machete
Discoteca,ascendant vierge;Nadsat,Discoteca,2020-09-24,19,false,2025-07-26T10:28:44Z,"frenchcore,tekno,techno,gabber",,oui,0.705,0.954,0.918,0.249,0.00174,0.0765,149.981,-5.776,Because Music
Disturbia,Rihanna,Good Girl Gone Bad: Reloaded,2008-06-02,84,false,2023-12-26T16:26:33Z,,Throwback,non,0.707,0.814,0.717,0.0861,0,0.0577,124.921,-4.509,Def Jam Recordings
Domicile Conjugal,SOLEIL ROUGE,Domicile conjugal,2023-03-10,33,false,2024-02-08T16:46:56Z,"pop française indie,pop française,house française",A&P,non,0.822,0.715,0.886,0.184,0.0000423,0.0543,114.018,-5.373,Zuma Music
"Don't Worry, I'm Fine",Maudlin Strangers,"Don't Worry, I'm Fine",2024-01-19,49,false,1970-01-01T00:00:00Z,,Daily_Mix_3,non,0.65,0.814,0.791,0.014,0.137,0.028,87.994,-4.469,HELLBENT Creative LLC
Drive By,Train,California 37,2012-04-17,81,false,2023-12-26T16:26:33Z,soft pop,Throwback,non,0.765,0.837,0.721,0.00107,0.0000106,0.032,122.028,-3.113,Columbia
Du hast,Rammstein,Sehnsucht,1997-08-25,70,false,2026-04-11T22:45:57Z,"metal industriel,metal,rock industriel,musique industrielle",,oui,0.64,0.921,0.716,0.00369,0.055,0.0385,125.104,-6.283,Vertigo Berlin
Dubaï,Marie Benoliel,Dubaï,2020-12-27,15,false,2023-12-26T16:26:18Z,pop française,Soirée_Parisienne,non,0.665,0.864,0.714,0.35,0.00163,0.133,124.995,-6.295,MarMax
Dynamite,BTS,BE,2020-11-20,82,false,2023-12-26T16:24:04Z,k-pop,E_&_P,non,0.746,0.765,0.737,0.0112,0,0.0993,114.044,-4.41,BIGHIT MUSIC
Dynamite,Taio Cruz,The Rokstarr Hits Collection,2010-01-01,77,false,2023-12-26T16:26:33Z,,Throwback,non,0.751,0.781,0.814,0.0039,0,0.0862,119.977,-3.724,Universal-Island Records Ltd.
El Dorado,Stellar,El Dorado,2021-02-19,66,true,2024-01-04T15:49:22Z,,,oui,0.744,0.714,0.614,0.132,0,0.0333,119.964,-6.09,Greater Boston Records
Electric Feel,MGMT,Oracular Spectacular,2007-12-14,83,false,1970-01-01T00:00:00Z,indie,Daily_Mix_1,non,0.763,0.803,0.561,0.0709,0.285,0.0351,103.04,-3.713,Red Ink/Columbia
Ella Baila Sola,Eslabon Armado;Peso Pluma,Ella Baila Sola,2023-03-16,78,false,2023-12-26T16:26:04Z,"corridos tumbados,sad sierreño,corrido,sierreño,música mexicana,corridos bélicos,banda",My_Top_2023 | Spanish,non,0.668,0.758,0.834,0.483,0.0000189,0.0332,147.989,-5.176,DEL Records
Espresso,Sabrina Carpenter,Espresso,2024-04-12,86,true,2024-04-29T18:05:50Z,pop,,oui,0.701,0.76,0.69,0.107,0.0000654,0.0285,103.969,-5.478,Island Records
Everything Is Not As It Seems - Series Theme Song,Selena Gomez,Wizards of Waverly Place,2009-01-01,51,false,2023-12-26T16:24:45Z,,Movie_night,non,0.796,0.766,0.921,0.0549,0,0.0919,124.896,-5.937,Walt Disney Records
Exceptional,China Anne McClain,A.N.T. Farm,2011-10-11,45,false,2023-12-26T16:24:45Z,,Movie_night,non,0.675,0.888,0.901,0.00215,0.000292,0.0428,129.975,-4.58,Walt Disney Records
ExtraL (feat. Doechii),JENNIE;Doechii,ExtraL (feat. Doechii),2025-02-21,70,true,2025-03-03T14:00:51Z,k-pop,,oui,0.758,0.726,0.699,0.0177,0.000168,0.1,139.932,-6.452,OA Entertainment/Columbia
Fall Away,Twenty One Pilots,Twenty One Pilots,2009-12-29,1,false,2025-02-18T08:47:34Z,,Taff,non,0.816,0.766,0.696,0.238,0.0127,0.0565,120.011,-5.176,Twenty One Pilots
"Fashion Is My Kryptonite (from ""Shake It Up: Made In Japan"")",Bella Thorne;Zendaya,"Fashion Is My Kryptonite (from ""Shake It Up: Made In Japan"")",2012-01-01,37,false,2023-12-26T16:24:45Z,,Movie_night,non,0.726,0.848,0.73,0.000409,0.000573,0.0376,125.042,-4.2,Walt Disney Records
Feel Good,Felix Jaehn;Mike Williams,I,2018-02-16,48,false,2023-12-26T16:24:12Z,"tropical house,future house,big room,edm",Feel_good,non,0.702,0.903,0.655,0.121,0.000124,0.0379,125.95,-3.921,Intercord
Feel It Still,Portugal. The Man,Woodstock,2017-06-16,84,false,1970-01-01T00:00:00Z,,Daily_Mix_3,non,0.801,0.795,0.754,0.0417,0.000113,0.0504,79.028,-5.115,Atlantic Records
Feliz Navidad,Céline Dion;The Dion Family,These are Special Times,1998-10-30,28,false,2023-12-26T16:26:08Z,"variété française,noel",Noël,non,0.719,0.782,0.829,0.554,0,0.0437,140.035,-5.697,Columbia
Fever,The Black Keys,Turn Blue,2014-05-06,64,false,1970-01-01T00:00:00Z,"blues rock,garage rock,blues moderne,rock",Daily_Mix_3,non,0.609,0.674,0.743,0.00378,0.000302,0.0355,127.541,-6.506,Nonesuch
Figure It Out,Royal Blood,Royal Blood,2014-08-18,68,false,1970-01-01T00:00:00Z,"garage rock,rock",Daily_Mix_1,non,0.658,0.814,0.691,0.229,0.00653,0.0559,108.018,-4.631,Warner Records
Fingertips,Tom Gregory,Fingertips,2020-01-10,50,false,2024-01-04T15:49:22Z,,,oui,0.718,0.697,0.692,0.0731,0,0.0252,88.028,-5.375,Kontor Records
Flowers,Miley Cyrus,Endless Summer Vacation,2023-08-18,88,false,2024-02-24T16:31:21Z,,Anniversaire_Stéph_,non,0.706,0.691,0.632,0.0584,0.0000699,0.0633,118.048,-4.775,Columbia
Following El Sol,NEEKA;SUPER-Hi;Carlos Sadness,Following El Sol,2022-09-02,48,false,2024-01-04T15:49:22Z,indie latino,,oui,0.727,0.809,0.794,0.278,0.0203,0.0298,127.01,-4.943,Blended
Four Letter Words,K.Flay,Inside Voices / Outside Voices,2022-02-04,40,true,2023-12-26T16:23:30Z,,ANTI,non,0.696,0.83,0.677,0.0717,0.00000239,0.146,138.057,-4.866,BMG Rights Management (US) LLC
Freed From Desire,Gala;Molella;Phil Jay,Come Into My Life (The Album),1997-11-17,80,false,2023-12-26T16:02:49Z,"eurodance,dance italienne",Anniversaire_Stéph_,non,0.704,0.861,0.636,0.587,0.0615,0.0493,128.99,-4.221,Do It Yourself
Ghost Train,Boulet Brothers,Ghost Train,2024-10-22,22,false,2024-11-12T18:25:25Z,,,oui,0.644,0.869,0.843,0.0292,0.000353,0.029,129.99,-4.186,PEG Records
girl in blue,Animal Sun,girl in blue,2019-06-20,53,false,1970-01-01T00:00:00Z,,Daily_Mix_3,non,0.624,0.837,0.891,0.0639,0.00000251,0.0649,140.078,-5.284,Animal Sun
Golden Boy,Bryce Fox,Strength,2022-04-08,46,true,2024-05-29T16:33:23Z,,,oui,0.695,0.781,0.617,0.00186,0,0.0728,130.074,-6.844,Bryce Fox
Good Grief,Bastille,Wild World,2016-09-09,68,false,2023-12-26T16:24:12Z,,Feel_good,non,0.731,0.758,0.88,0.143,0,0.065,120.041,-4.888,EMI (Virgin)
GOSSIP (feat. Tom Morello),Måneskin;Tom Morello,RUSH!,2023-01-20,77,true,1970-01-01T00:00:00Z,,Daily_Mix_1,non,0.704,0.819,0.914,0.00176,0,0.0626,139.921,-2.974,Epic
Happier,Marshmello;Bastille,Happier,2018-08-17,84,false,2024-01-04T15:49:22Z,edm,,oui,0.687,0.792,0.671,0.191,0,0.0452,100.011,-2.749,Joytime Collective
Heard It On The Radio,Austin Moon,Austin & Ally (Original Soundtrack),2012-01-01,37,false,2023-12-26T16:24:45Z,,Movie_night,non,0.748,0.819,0.845,0.0132,0,0.0402,104.012,-5.385,EMI Catalogue
hideaway,Marino,hideaway,2025-05-16,69,false,1970-01-01T00:00:00Z,,Daily_Mix_1,non,0.757,0.737,0.812,0.125,0,0.0702,118.026,-7.078,broke
High,Sir Sly,"Don't You Worry, Honey",2017-06-30,61,false,1970-01-01T00:00:00Z,,Daily_Mix_3,non,0.743,0.733,0.726,0.00705,0.00753,0.0352,122.975,-5.576,Cherrytree Records/Kierszenbaum
Hips Don't Lie (feat. Wyclef Jean),Shakira;Wyclef Jean,"Oral Fixation, Vol. 2 (Expanded Edition)",2005-11-28,20,false,2023-12-26T16:26:33Z,pop latino,Throwback,non,0.778,0.824,0.758,0.284,0,0.0707,100.024,-5.892,Epic
Holding on to You,Twenty One Pilots,Vessel,2013-01-08,68,false,2025-02-18T08:47:34Z,,Taff,non,0.608,0.776,0.814,0.241,0,0.0511,89.996,-3.635,Fueled By Ramen
Holiday,Madonna,Celebration (double disc version),2009-09-18,31,false,2024-02-24T16:35:21Z,,Anniversaire_Stéph_,non,0.853,0.796,0.946,0.0542,0.0018,0.0399,115.626,-5.567,Warner Records
"Honey, I'm Good",Andy Grammer,Magazines Or Novels,2014-08-05,75,false,2023-12-26T16:26:33Z,,Throwback,non,0.754,0.802,0.583,0.0349,0,0.0551,122.026,-6.424,S-Curve Records
Honeypie,JAWNY,For Abby,2020-10-27,80,false,2023-12-26T16:24:12Z,bedroom pop,Feel_good,non,0.74,0.688,0.935,0.061,0,0.0916,115.035,-4.361,Johnny Utah LLC
Hot N Cold,Katy Perry,One Of The Boys,2008-06-17,80,false,2023-12-26T16:26:33Z,pop,Throwback,non,0.706,0.842,0.861,0.0000773,0,0.0417,132.032,-3.956,Capitol Records
Humpin' Around,Bobby Brown,Bobby,1992-08-24,50,false,2023-12-26T16:02:49Z,new jack swing,Anniversaire_Stéph_,non,0.71,0.8,0.61,0.00223,0.211,0.04,110.211,-7.141,Geffen
I Ain't Worried,OneRepublic,"I Ain’t Worried (Music From The Motion Picture ""Top Gun: Maverick"")",2022-05-13,83,false,2023-12-26T16:24:12Z,soft pop,Feel_good,non,0.704,0.797,0.825,0.0826,0.000745,0.0475,139.994,-5.927,Interscope Records
I Am Happy,AWOLNATION;Del The Funky Homosapien,The Phantom Five,2024-08-30,34,false,2025-04-04T18:16:54Z,,,oui,0.722,0.742,0.865,0.0449,0.0126,0.0335,125.015,-4.905,Two Twenty Five Music
I Don't Wanna Talk (I Just Wanna Dance),Glass Animals,Dreamland (+ Bonus Levels),2021-09-09,64,true,2024-04-27T08:37:44Z,,,oui,0.703,0.624,0.808,0.0156,0.0000553,0.0364,131.966,-6.228,Polydor Records
I Kissed A Girl,Katy Perry,One Of The Boys,2008-06-17,78,false,2023-12-26T16:26:33Z,pop,Throwback,non,0.702,0.76,0.696,0.00226,0,0.0684,129.996,-3.174,Capitol Records
I Love U,The Chainsmokers,So Far So Good,2022-06-08,55,false,2024-01-04T15:49:22Z,,Love,oui,0.651,0.719,0.81,0.143,0.0000362,0.0318,103.981,-5.804,Disruptor Records/Columbia
I Miss Having Sex But At Least I Don't Wanna Die Anymore,Waterparks,FANDOM,2019-10-11,58,true,2024-01-04T15:49:22Z,punk pop,,oui,0.582,0.81,0.874,0.0763,0,0.106,73.954,-4.104,Hopeless Records
I WANNA BE YOUR SLAVE,Måneskin,Teatro d'ira - Vol. I,2021-03-19,86,true,2023-12-26T16:23:30Z,,ANTI,non,0.75,0.608,0.958,0.00165,0,0.0387,132.507,-4.008,RCA Records Label
I'm Dangerous,The EverLove,Walk Through Fire,2018-10-03,58,false,2024-01-04T15:49:22Z,,,oui,0.691,0.841,0.755,0.00438,0.0000444,0.0436,92.025,-7.026,Selectracks / BMG Production Music
I'm Picky,Shaka Ponk,The Geeks and the Jerkin' Socks,2011-06-06,61,false,2023-12-26T16:02:49Z,,Anniversaire_Stéph_,non,0.718,0.827,0.841,0.0182,0,0.0341,115.019,-2.357,Tôt Ou Tard
Ice Ice Baby,Vanilla Ice,Vanilla Ice Is Back! - Hip Hop Classics,2008-11-04,74,false,2023-12-26T16:02:49Z,,Anniversaire_Stéph_,non,0.979,0.792,0.583,0.0025,0.00000771,0.0388,116.012,-2.784,X-Ray Records
If I Can't Have You,Shawn Mendes,Shawn Mendes (Deluxe),2019-06-19,75,false,2023-12-26T16:24:04Z,,E_&_P,oui,0.691,0.823,0.87,0.489,0,0.0622,123.943,-4.197,Island Records
In Too Deep,Sum 41,"All Killer, No Filler",2001-01-01,78,false,2024-11-14T11:23:27Z,"punk pop,punk,skate punk",,oui,0.569,0.843,0.76,0.000189,0,0.0503,116.045,-5.875,Island Records
it boy,bbno$,it boy,2024-05-24,2,true,2024-06-24T13:51:00Z,,,oui,0.763,0.885,0.821,0.00179,0.000601,0.0552,129.983,-6.388,bbno$
It's A Trip!,Joywave,Content,2017-07-28,60,false,1970-01-01T00:00:00Z,,Daily_Mix_3,non,0.673,0.716,0.727,0.088,0.00256,0.0291,97.925,-4.982,Cultco Music
It's Time,Imagine Dragons,Night Visions,2012-09-04,77,false,2023-12-26T16:24:32Z,,Motivation,non,0.656,0.884,0.858,0.016,0,0.0372,105.009,-4.748,Kid Ina Korner / Interscope
It's Time,Imagine Dragons,Night Visions,2012-09-04,71,false,2025-02-18T08:47:23Z,,Taff,non,0.656,0.884,0.858,0.016,0,0.0372,105.009,-4.748,Kid Ina Korner / Interscope
J'vais En Rave,Blaame,J'vais En Rave,2024-07-05,34,false,2024-07-19T05:41:34Z,"hard techno,tekno,acid techno,techno",Périph,non,0.729,0.995,0.761,0.0336,0.137,0.136,152.027,-3.168,Taapion
JOYRIDE.,Kesha,JOYRIDE.,2024-07-04,61,true,2024-12-13T12:31:11Z,,,oui,0.789,0.899,0.509,0.0179,0.000139,0.0523,115.955,-4.652,Kesha Records
Just The Way You Are,Milky,Just The Way You Are,2002-10-04,87,false,2026-04-29T05:26:15Z,,,oui,0.669,0.965,0.973,0.000645,0.00556,0.0362,129.998,-4.061,Ministry of Sound Recordings
Kid,Imagine Dragons,LOOM,2024-06-28,54,false,2025-02-18T08:47:23Z,,Taff,non,0.708,0.933,0.865,0.0401,0.00000195,0.0586,140.026,-5.101,KIDinaKORNER/Interscope Records
La Isla Bonita,Madonna,True Blue,1986-06-30,78,false,2024-02-24T16:35:46Z,,Anniversaire_Stéph_,non,0.724,0.822,0.964,0.304,0.0000138,0.0333,99.9,-4.374,Warner Records
La Punanimité (Punani),The Cast of Drag Race France,La Punanimité (Punani),2023-09-05,22,false,2024-03-01T12:09:46Z,,A&P | J&P,non,0.782,0.876,0.847,0.125,0,0.0338,118.992,-4.386,World of Wonder Records
Last Friday Night (T.G.I.F.),Katy Perry,Teenage Dream,2010-01-01,82,false,2023-12-26T16:26:33Z,pop,Throwback,non,0.652,0.81,0.732,0.00129,0.0000291,0.0406,126.022,-3.789,Capitol Records
Lavish,Twenty One Pilots,Clancy,2024-05-24,64,false,2025-02-18T08:47:34Z,,Taff,non,0.702,0.783,0.664,0.129,0,0.0434,99.964,-4.988,Fueled By Ramen
Les démons de minuit,Images,Best Of Images & Début De Soirée,2014-09-22,42,false,2023-12-26T16:02:49Z,variété française,Anniversaire_Stéph_,non,0.682,0.818,0.894,0.00434,0.00000471,0.03,118.927,-6.129,Wagram Music
Let the Games Begin,AJR,Let the Games Begin,2015-10-23,0,true,2025-02-18T08:47:10Z,,Taff,non,0.664,0.698,0.573,0.127,0,0.067,135.023,-5.084,AJR Productions
Llámame,wrs,Llámame,2022-02-10,42,false,2024-05-02T11:13:02Z,,Eurovision,non,0.755,0.757,0.661,0.0564,0,0.131,119.971,-6.209,Global Records
Loca (feat. El Cata),Shakira;El Cata,Sale el Sol,2010-10-19,79,false,2023-12-26T16:26:33Z,"pop latino,mambo,merengue",Throwback,non,0.8,0.692,0.917,0.342,0.00000192,0.0614,112.002,-5.57,Sony Music Latin/Epic
Lock Me Up,The Cab,Lock Me Up,2014-01-01,52,false,2024-01-04T15:49:22Z,,,oui,0.687,0.857,0.68,0.0852,0,0.034,94.011,-6.31,Universal Records
Loin de moi,Clodelle,Loin de moi,2023-10-13,16,false,2023-12-26T17:58:00Z,"pop française,chanson québécoise,pop québécoise",A&P | Soirée_Parisienne,non,0.719,0.66,0.875,0.242,0.00000438,0.028,124.983,-6.045,Coyote Records
Lone Digger,Caravan Palace,<I°_°I>,2015-10-16,68,false,1970-01-01T00:00:00Z,"électro swing,swing,nu jazz",Daily_Mix_1,non,0.767,0.938,0.868,0.592,0.0193,0.0505,123.992,-4.433,Wagram Music / W Lab
Lonely,Imagine Dragons,Mercury - Act 1,2021-09-03,1,false,2025-02-18T08:47:23Z,,Taff,non,0.714,0.73,0.873,0.0256,0,0.0438,97.983,-5.564,Kid Ina Korner / Interscope
Love Song,Why Don't We,The Good Times and The Bad Ones,2021-01-15,51,false,2023-12-26T16:24:04Z,,E_&_P,non,0.76,0.719,0.726,0.201,0,0.0478,125.032,-4.034,Atlantic Records
Lovesick,Jacob Whitesides,Why?,2016-09-09,26,false,2023-12-26T16:24:23Z,,Love,non,0.614,0.787,0.862,0.121,0,0.0709,96.059,-3.886,BMG Rights Management (US) LLC
LOVESTRUCK,George Barnett,LOVESTRUCK,2022-04-22,50,true,1970-01-01T00:00:00Z,,Daily_Mix_3,non,0.582,0.923,0.802,0.0038,0.000196,0.0461,94.006,-2.358,AntiFragile Music
Mamma Mia,ABBA,Abba,1975,80,false,2024-02-24T16:36:48Z,,Anniversaire_Stéph_,non,0.749,0.748,0.827,0.295,0.000443,0.0323,137.547,-7.011,Polar Music International AB
Me Colé en una Fiesta,Mecano,"Ana, José, Nacho",1998-03-24,50,false,2023-12-26T16:26:22Z,"rock en español,pop latino",Spanish,non,0.728,0.98,0.893,0.101,0.00026,0.0505,144.725,-4.914,BMG Rights Management and Administration (Spain) S.L.U
Miracle Man,AWOLNATION,Here Come the Runts,2018-02-02,30,false,2025-05-21T17:26:41Z,,,oui,0.66,0.953,0.909,0.0226,0.293,0.0511,114.986,-4.551,Red Bull Records
Move,Saint Motel,saintmotelevision,2016-10-21,59,false,1970-01-01T00:00:00Z,,Daily_Mix_1,non,0.638,0.819,0.721,0.0177,0,0.0643,101.031,-4.991,Elektra (NEK)
Mr. Saxobeat,Alexandra Stan,Sundown (Original Motion Picture Soundtrack),2016-05-06,3,false,2023-12-26T16:02:49Z,europop,Anniversaire_Stéph_,non,0.72,0.925,0.781,0.0276,0.000238,0.0511,127.004,-4.165,Ultra Records
Murder On The Dancefloor,Sophie Ellis-Bextor,Read My Lips,2002-01-01,5,false,2024-01-07T18:59:46Z,,A&P,non,0.734,0.848,0.863,0.00312,0.0000116,0.0309,117.31,-5.285,Polydor Records
My Blood,Twenty One Pilots,Trench,2018-10-05,71,false,1970-01-01T00:00:00Z,,Daily_Mix_1 | Taff,non,0.749,0.723,0.674,0.0563,0.022,0.0432,108.999,-6.609,Fueled By Ramen
My Name Is Stain,Shaka Ponk,The Geeks and the Jerkin' Socks,2011-06-06,59,false,2023-12-26T16:02:49Z,,Anniversaire_Stéph_,non,0.767,0.754,0.96,0.00389,0.00013,0.0375,108.988,-4.325,Tôt Ou Tard
Na Na Na (The Summer Song),Austin Moon,Austin & Ally (Original Soundtrack),2012-01-01,31,false,2023-12-26T16:24:45Z,,Movie_night,non,0.699,0.88,0.634,0.00442,0,0.0303,104.029,-4.251,EMI Catalogue
Ni Una Sola Palabra,Paulina Rubio,Cleaning at Home - Latin Edition,2020-05-15,0,false,2023-12-26T16:26:22Z,pop latino,Spanish,non,0.76,0.827,0.633,0.046,0,0.029,130.321,-4.015,UME - Global Clearing House
Nice to Meet You,Imagine Dragons,LOOM,2024-06-28,65,false,2024-06-28T10:27:34Z,,Musique_du_dimanche | Taff,non,0.676,0.799,0.713,0.00892,0.0000164,0.0918,105.064,-6.899,KIDinaKORNER/Interscope Records
"No New Friends (feat. Sia, Diplo, and Labrinth)",Sia;Diplo;Labrinth;LSD,"LABRINTH, SIA & DIPLO PRESENT... LSD",2019-04-12,56,false,2024-01-04T15:49:22Z,"moombahton,dance-pop",,oui,0.725,0.703,0.638,0.0632,0.000251,0.0466,106.032,-4.641,Records/Columbia
Nochentera,Vicco,Noctalgia,2024-05-10,52,false,2024-05-31T06:20:11Z,,Spanish,non,0.8,0.72,0.782,0.0221,0,0.0527,121.922,-6.444,Sony Music Entertainment
Not Another Song About Love,Hollywood Ending,Anywhere - EP,2014-04-25,47,false,2023-12-26T16:24:23Z,,Love,non,0.586,0.874,0.756,0.00383,0.00000104,0.0416,130.083,-5.535,Hollywood Ending
Not Today,Twenty One Pilots,Blurryface,2015-05-15,63,false,2025-02-18T08:47:34Z,,Taff,non,0.77,0.706,0.527,0.0605,0.00182,0.0302,115.011,-4.705,Fueled By Ramen
NOTHING ON THE LINE,George Barnett,NOTHING ON THE LINE,2022-06-03,56,true,1970-01-01T00:00:00Z,,Daily_Mix_3,non,0.6,0.824,0.835,0.000929,0.00000834,0.0286,94.963,-3.119,AntiFragile Music
OFF MY FACE,Måneskin,RUSH! (ARE U COMING?),2023-11-10,68,false,1970-01-01T00:00:00Z,,Daily_Mix_1,non,0.794,0.801,0.864,0.00195,0,0.0603,119.997,-3.006,Epic
Oh My My,OneRepublic;Cassius,Oh My My,2016-12-02,37,false,2024-01-04T15:49:22Z,"soft pop,house française",,oui,0.74,0.673,0.719,0.0783,0.00244,0.1,115.016,-5.284,Mosley / Interscope
On Top of the World,Tim McMorris,On Top of the World,2015-06-05,41,false,2024-01-04T15:49:22Z,,,oui,0.659,0.692,0.704,0.00425,0,0.0386,94.996,-5.309,King's Crown Productions
On Top Of The World,Imagine Dragons,Night Visions (Deluxe),2012-09-04,70,false,2025-02-18T08:47:23Z,,Taff,non,0.635,0.926,0.771,0.0892,0.0000044,0.15,100.043,-5.589,Kid Ina Korner / Interscope
Only Girl (In The World),Rihanna,Loud,2010-11-16,76,false,2023-12-26T16:26:33Z,,Throwback,non,0.789,0.716,0.611,0.129,0.0000107,0.0432,125.906,-4.241,Def Jam Recordings
Partenaire Particulier,Partenaire Particulier,Le son des années 80,2009-03-06,64,false,2023-12-26T16:02:49Z,variété française,Anniversaire_Stéph_,non,0.736,0.927,0.971,0.678,0.000256,0.0541,156.046,-3.487,Chris Music
Passion Fashion,Judah & the Lion;Jon Bellion,Pep Talks,2019-08-07,41,false,2025-04-22T14:59:04Z,"folk-pop,folk chrétienne",,oui,0.651,0.839,0.767,0.0114,0.0000272,0.0808,84.954,-4.644,Round Hill Records
Perfect (Exceeder),Mason;Princess Superstar,Perfect (Exceeder),2007-01-11,67,false,2024-01-07T18:59:40Z,électroclash,A&P,non,0.639,0.861,0.671,0.00449,0.156,0.0588,127.922,-6.595,Armada Music
Pompeii,Bastille,Bad Blood,2013-01-01,79,false,2023-12-26T16:26:23Z,,Strong,non,0.679,0.715,0.571,0.0755,0,0.0407,127.435,-6.383,Virgin Records
Push The Feeling On - Radio Mix,Nightcrawlers,90's Party Mix,2020-05-15,46,false,2023-12-26T16:02:49Z,,Anniversaire_Stéph_,non,0.78,0.749,0.797,0.0324,0.00000238,0.0295,123.046,-5.105,UME - Global Clearing House
Rabiosa (feat. Pitbull),Shakira;Pitbull,Sale el Sol,2010-10-19,72,false,2023-12-26T16:26:33Z,pop latino,Throwback,non,0.834,0.823,0.763,0.062,0,0.114,133.039,-4.918,Sony Music Latin/Epic
Real Gone,Sheryl Crow,Cars (Original Motion Picture Soundtrack),2006-01-01,74,false,2023-12-26T16:24:45Z,,Movie_night,non,0.608,0.785,0.806,0.00173,0,0.0472,117.983,-5.346,Walt Disney Records
Riptide,The Chainsmokers,So Far So Good,2022-06-08,53,false,2024-01-04T15:49:22Z,,,oui,0.717,0.734,0.894,0.28,0.000101,0.0426,91.014,-5.712,Disruptor Records/Columbia
Rock That Body,Black Eyed Peas,THE E.N.D. (THE ENERGY NEVER DIES) [Deluxe Version],2009-01-01,81,false,2023-12-26T16:26:33Z,,Throwback,non,0.715,0.907,0.841,0.0172,0.0000839,0.0993,124.991,-6.025,Interscope
Rockstar,Call Me Karizma,Rockstar,2018-04-26,0,true,2023-12-26T16:24:13Z,,Feeling_myself,non,0.657,0.882,0.663,0.304,0,0.0919,111.982,-5.434,Call Me Karizma
Run em Down,Graham Lake;Avelino,Run em Down,2022-03-04,45,false,2024-01-04T15:49:22Z,"grime,grime uk,afroswing",,oui,0.715,0.667,0.591,0.0202,0.0000348,0.0532,132.021,-4.161,Universal Music AB
S&M,Rihanna,Loud,2010-11-16,76,true,2023-12-26T16:26:33Z,,Throwback,non,0.767,0.682,0.833,0.0113,0.00016,0.042,127.975,-5.02,Def Jam Recordings
Santa Baby,Ariana Grande;Liz Gillies,Christmas Kisses,2013-01-01,46,false,2023-12-26T16:26:08Z,"pop,noel",Noël,non,0.748,0.778,0.777,0.0501,0,0.137,95.989,-5.752,Universal Records
Saturday,Twenty One Pilots,Scaled And Icy,2021-05-21,65,false,2025-02-18T08:47:34Z,,Taff,non,0.687,0.89,0.854,0.00396,0.000939,0.0344,113.06,-5.99,Fueled By Ramen
Screen,Twenty One Pilots,Vessel,2013-01-08,61,false,2025-02-18T08:47:34Z,,Taff,non,0.718,0.714,0.84,0.0963,0,0.0622,149.949,-5.699,Fueled By Ramen
Secouer Secouer,The Cast of Drag Race France,Secouer Secouer,2024-07-31,20,false,2024-10-18T17:30:47Z,,J&P,non,0.692,0.875,0.74,0.145,0.00000602,0.1,130.963,-4.444,World of Wonder Records
September,"Earth, Wind & Fire","The Best Of Earth, Wind & Fire Vol. 1",1978-11-23,76,false,2023-12-26T16:02:49Z,"funk,disco",Anniversaire_Stéph_,non,0.697,0.832,0.979,0.168,0.00131,0.0298,125.926,-7.264,Columbia/Legacy
Shadow in the Sun,Joe P,Garden State Vampire,2024-08-23,52,false,1970-01-01T00:00:00Z,,Daily_Mix_1,non,0.632,0.849,0.877,0.0661,0.00513,0.0331,118.04,-4.814,Atlantic Records
Shadow in the Sun,Joe P,Shadow in the Sun,2024-03-01,43,false,2024-07-03T10:27:03Z,,,oui,0.641,0.789,0.859,0.157,0.00799,0.0335,118.041,-7.35,Atlantic Records
Shake It Up,Selena Gomez,Shake It Up,2011-01-01,52,false,2023-12-26T16:24:45Z,,Movie_night,non,0.727,0.809,0.79,0.0278,0,0.0326,127.997,-6.11,EMI Catalogue
Sharks,Imagine Dragons,Mercury - Acts 1 & 2,2022-07-01,75,false,2025-02-18T08:47:23Z,,Taff,non,0.927,0.642,0.901,0.00791,0.0000362,0.0657,123.969,-4.466,Kid Ina Korner / Interscope
She's Got Me Dancing,Tommy Sparks,Tommy Sparks,2009-01-01,21,false,2024-01-04T15:49:22Z,,,oui,0.721,0.872,0.779,0.000783,0.0000129,0.0398,112.045,-4.811,Universal-Island Records Ltd.
Shotgun,George Ezra,Staying at Tamara's,2018-03-23,78,false,2023-12-26T16:24:12Z,,Feel_good,non,0.673,0.735,0.754,0.286,0,0.0457,115.744,-4.733,Columbia
Sing Hallelujah!,Dr. Alban,One Love,1992-05-04,70,false,2023-12-26T16:02:49Z,eurodance,Anniversaire_Stéph_,non,0.759,0.822,0.94,0.00136,0.0171,0.0367,124.713,-7.268,BMG Rights Management GmbH
Sleeping In My Head (Manta Circle Remix),Siine;Frank Moody,Better Came Along,2018-11-02,49,false,2024-01-04T15:49:22Z,,My_Top_2023,oui,0.789,0.772,0.614,0.083,0.0000431,0.0426,120.008,-5.041,Epidemic Sound
Sleeping On The Ceiling,Friday Pilots Club,Sleeping On The Ceiling,2023-06-08,49,true,2024-05-12T10:06:17Z,,Musique_du_dimanche,non,0.557,0.957,0.889,0.0261,0.0000298,0.0762,74.963,-4.994,Friday Pilots Club
SloMo,Chanel,SloMo,2021-12-24,56,false,2026-02-04T15:26:17Z,bachata,Eurovision,non,0.728,0.814,0.594,0.125,0.00448,0.0571,104.962,-3.29,BMG Rights Management and Administration (Spain) S.L.U
Sober Up,AJR;Rivers Cuomo,The Click (Deluxe Edition),2018-09-21,0,false,2025-02-18T08:47:10Z,,Taff,non,0.648,0.62,0.772,0.284,0,0.0276,93.011,-4.938,AJR Productions
SPAGHETTI,LE SSERAFIM;j-hope,SPAGHETTI,2025-10-24,83,true,2026-01-05T12:43:55Z,"k-pop,k-rap",,oui,0.9,0.819,0.872,0.0813,0,0.0724,111.5,-4.641,SOURCE MUSIC
star tripping,Kevin Atwater,star tripping,2022-10-05,39,false,2024-07-16T13:55:34Z,,Musique_du_dimanche | Therapy,non,0.71,0.771,0.698,0.178,0.000111,0.049,139.882,-6.796,"Kevin Atwater, under exclusive license to Mutual Friends"
Starlight - Radio Edit,The Supermen Lovers;Mani Hoffman,Starlight,2001-01-01,62,false,2026-03-24T11:59:37Z,house française,Test,oui,0.739,0.679,0.786,0.000424,0.0187,0.0373,127.487,-5.079,Lafessé Records
Start Over,Imagine Dragons,Evolve,2017-06-23,0,false,2025-02-18T08:47:23Z,,Taff,non,0.698,0.929,0.74,0.00601,0.0000622,0.0862,98.026,-5.046,Kid Ina Korner / Interscope
Stitches,Shawn Mendes,Handwritten,2015-04-14,7,false,2023-12-26T16:24:04Z,,E_&_P,non,0.752,0.754,0.755,0.0151,0,0.0615,149.789,-6.684,Island Records
Sucker,Jonas Brothers,Happiness Begins,2019-06-07,79,false,2023-12-26T16:24:04Z,,E_&_P,non,0.842,0.734,0.952,0.0427,0,0.0588,137.958,-5.065,Jonas Brothers Recording
Sunny,Papa Ya,Sunny,2017-05-12,40,false,2023-12-26T16:24:12Z,,Feel_good,non,0.67,0.887,0.933,0.00313,0.00646,0.0611,98.065,-4.31,disco:wax
Superstar,Therapie TAXI,Hit Sale,2018-02-02,45,false,2025-11-05T13:09:40Z,"pop française,pop française indie,variété française,house française",Test,oui,0.683,0.735,0.71,0.0249,0,0.0658,126.061,-6.28,Panenka Music
SWAYZEE,WHALES•TALK,SWAYZEE,2022-08-12,49,true,1970-01-01T00:00:00Z,,Daily_Mix_3,non,0.757,0.8,0.972,0.0257,0.011,0.0381,119.996,-3.501,WHALES TALK
Swish Swish,Katy Perry;Nicki Minaj,Witness (Deluxe),2017-06-09,65,true,2023-12-26T16:26:33Z,pop,Throwback,non,0.838,0.705,0.583,0.0184,0.0000182,0.0449,119.953,-5.201,Capitol Records (CAP)
Symphony,Imagine Dragons,Mercury - Acts 1 & 2,2022-07-01,62,false,2025-02-18T08:47:23Z,,Taff,non,0.662,0.64,0.921,0.0227,0,0.0742,90.002,-5.223,Kid Ina Korner / Interscope
Tacones Rojos,Sebastian Yatra,Dharma,2022-01-28,74,false,2024-04-29T07:25:12Z,"pop colombienne,reggaeton",Spanish,non,0.746,0.844,0.934,0.062,0,0.0359,123.014,-3.499,UMLE - Latino
Take Me to the Beach,Imagine Dragons,LOOM,2024-06-28,65,false,2025-02-18T08:47:23Z,,Taff,non,0.822,0.673,0.883,0.0182,0,0.0762,104.995,-5.242,KIDinaKORNER/Interscope Records
"Take On the World - Theme Song From ""Girl Meets World""",Rowan Blanchard;Sabrina Carpenter,"Take On the World (Theme Song From ""Girl Meets World"")",2014-01-01,60,false,2023-12-26T16:24:45Z,pop,Movie_night,non,0.638,0.713,0.703,0.00103,0.000241,0.0388,115.967,-6.475,Walt Disney Records
Teka (with Peso Pluma),DJ Snake;Peso Pluma,Teka (with Peso Pluma),2024-04-17,55,true,2024-07-31T10:36:44Z,"corrido,corridos tumbados,corridos bélicos,música mexicana,sad sierreño,banda",Latino,non,0.863,0.744,0.601,0.014,0.0102,0.0879,126.105,-3.32,DJ Snake Music Productions Limited
Thank God I'm Not You,HIMALAYAS,Thank God I'm Not You,2017-05-12,56,false,1970-01-01T00:00:00Z,,Daily_Mix_3,non,0.542,0.828,0.769,0.00175,0.0133,0.0531,126.037,-3.911,Nettwerk Music Group
The Ballet Girl,Aden Foyer,The Ballet Girl,2023-09-08,58,false,2024-01-04T15:49:22Z,,My_Top_2023,oui,0.694,0.816,0.601,0.0796,0.00000117,0.0293,118.036,-4.741,Columbia
The Fool,Qveen Herby;THOT SQUAD,Isle Of Qveen,2026-02-13,61,true,2026-04-25T11:05:29Z,,,oui,0.922,0.687,0.879,0.0595,0.00000951,0.132,131.027,-6.176,Checkbook Records
The Lotto,Ingrid Michaelson;AJR,The Lotto,2016-09-30,0,false,2025-02-18T08:47:10Z,,Taff,non,0.687,0.748,0.872,0.24,0,0.0785,88.944,-4.54,Cabin 24 Records / Ajr Productions
There's Nothing Holdin' Me Back,Shawn Mendes,Best Hits of 2023,2023-12-16,0,false,2023-12-26T16:24:04Z,,E_&_P,non,0.866,0.811,0.969,0.375,0,0.0553,121.995,-4.063,UME - Global Clearing House
This Is The Life,Amy Macdonald,This Is The Life (eDeluxe),2007-01-01,80,false,2023-12-26T16:26:33Z,,Throwback,non,0.628,0.882,0.853,0.259,0,0.0323,95.083,-5.024,EMI
Three-Thirty,AJR,The Click (Deluxe Edition),2018-09-21,0,false,2025-02-18T08:47:10Z,,Taff,non,0.66,0.682,0.675,0.31,0,0.134,96.029,-4.297,AJR Productions
TiK ToK,Kesha,Animal (Expanded Edition),2010-01-01,87,false,2023-12-26T16:26:33Z,,Throwback,non,0.755,0.837,0.714,0.0991,0,0.142,120.028,-2.718,RCA Records Label
To-Do List,TEYA,To-Do List,2024-07-12,41,true,2025-11-20T15:57:05Z,,,oui,0.837,0.718,0.81,0.222,0,0.0598,130.978,-5.653,CloudKid
Too Sweet,Hozier,Unreal Unearth: Unheard,2024-03-22,9,false,2024-04-09T10:44:38Z,,,oui,0.741,0.62,0.934,0.0295,0.000809,0.0412,117.038,-5.505,Rubyworks / Universal-Island Records Ltd
Treat People With Kindness,Harry Styles,Fine Line,2019-12-13,65,false,2023-12-26T16:24:04Z,,E_&_P,non,0.653,0.869,0.697,0.128,0.000022,0.0382,122.017,-3.725,Columbia
Trouble,P!nk,Try This,2003-11-10,59,false,2023-12-26T16:26:33Z,,Throwback,non,0.572,0.933,0.848,0.00825,0,0.05,135.56,-2.705,Arista/Legacy
Trouble’s Coming,Royal Blood,Typhoons,2021-04-30,64,false,1970-01-01T00:00:00Z,"garage rock,rock",Daily_Mix_1,non,0.775,0.688,0.805,0.0533,0,0.0384,112.009,-5.038,Warner Records
Tukuntazo,Tokischa;Haraca Kiko;El Cherry Scom,Tukuntazo,2021-03-05,5,true,2024-01-04T15:49:22Z,"dembow,neoperreo",,oui,0.895,0.745,0.762,0.0053,0.0848,0.159,113.927,-4.301,Paulus Music/Equity Distribution
Uptown Girl,Billy Joel,An Innocent Man,1983-08-08,85,false,2026-04-29T07:30:52Z,soft rock,,oui,0.701,0.944,0.792,0.0755,0,0.0455,128.993,-2.986,Columbia
Valentine,5 Seconds of Summer,Youngblood (Deluxe),2018-06-15,59,false,2023-12-26T16:24:04Z,,E_&_P,non,0.744,0.767,0.767,0.0601,0.0000105,0.0408,93.999,-2.907,Capitol
Victory Lap,Fred again..;Skepta;PlaqueBoyMax,Victory Lap,2025-06-18,83,true,2026-04-25T10:48:29Z,"stutter house,house,edm,grime,grime uk",,oui,0.891,0.749,0.584,0.163,0.00000196,0.112,140.039,-3.087,Atlantic Records UK
Von dutch,Charli xcx,Von dutch,2024-02-29,58,true,2024-05-08T16:56:12Z,"hyperpop,art pop",,oui,0.706,0.698,0.648,0.00298,0.00375,0.0537,130.013,-5.679,Atlantic Records
Voyage voyage,Desireless,François,2001-01-02,75,false,2023-12-26T16:02:49Z,,Anniversaire_Stéph_,non,0.606,0.913,0.838,0.246,0.00696,0.0351,123.58,-6.039,Choice of Music
Waka Waka (This Time for Africa) [The Official 2010 FIFA World Cup (TM) Song] (feat. Freshlyground),Shakira;Freshlyground,Listen Up! The Official 2010 FIFA World Cup Album,2010-05-31,72,false,2023-12-26T16:26:33Z,"pop latino,afrosoul,afropop,dubstep",Throwback,non,0.758,0.871,0.753,0.0062,0,0.147,126.994,-6.408,Epic
Wake Up,Imagine Dragons,LOOM,2024-06-28,68,false,2025-02-18T08:47:23Z,,Taff,non,0.772,0.724,0.69,0.0115,0.000253,0.0391,108.982,-3.965,KIDinaKORNER/Interscope Records
Walk,Saint Chaos;Sam Tinnesz,Seeing Red,2021-11-19,51,false,2024-01-04T15:49:22Z,,,oui,0.699,0.883,0.791,0.0161,0,0.0684,121.96,-3.818,The Royal Damage
Wannabe,Spice Girls,Spice,1996-01-01,84,false,2023-12-26T16:26:33Z,,Throwback,non,0.768,0.864,0.891,0.101,0,0.0324,110.009,-6.149,Virgin Records
Watch Me,Bella Thorne;Zendaya;Cast of Shake It Up: Break It Down,Shake It Up: Break It Down,2011-01-01,44,false,2023-12-26T16:24:45Z,,Movie_night,non,0.71,0.705,0.614,0.00274,0.00502,0.0683,124.994,-4.558,Walt Disney Records
We All Die Young,The Decemberists,I'll Be Your Girl,2018-03-16,15,false,2024-01-04T15:49:22Z,"pop baroque,indie folk",,oui,0.627,0.698,0.86,0.0054,0,0.0838,117.02,-5.548,Rough Trade
Weak,AJR,The Click (Deluxe Edition),2018-09-21,0,false,2025-02-18T08:47:10Z,,Taff,non,0.67,0.643,0.703,0.118,0,0.0465,123.978,-4.553,AJR Productions
Weak (Cheat Codes Remix),AJR;Cheat Codes,Weak Remixes,2017-05-05,0,false,2025-02-18T08:47:10Z,,Taff,non,0.752,0.783,0.665,0.371,0.00000224,0.0631,123.926,-4.019,AJR Productions
What I Want,Bob Sinclar;Fireball,Soundz of Freedom (My Ultimate Summer of Love Mix),2007-05-14,40,false,2025-01-12T17:12:38Z,"house française,disco house,parang",J&P,non,0.753,0.95,0.97,0.0737,0.329,0.0759,127.672,-3.686,Yellow Productions
What It Do,E-Dubble,What It Do - Single,2015-10-20,51,true,2024-01-04T15:49:22Z,,,oui,0.807,0.906,0.846,0.127,0,0.155,95.052,-4.723,Black Paisley Records
What We Live For,American Authors,What We Live For,2016-07-01,50,false,2024-01-04T15:49:22Z,,,oui,0.686,0.885,0.616,0.0503,0,0.0377,120.066,-4.754,Island Records
What's My Name,China Anne McClain;Thomas Doherty;Dylan Playfair;Disney,Descendants 2 (Original TV Movie Soundtrack),2017-07-21,69,false,2023-12-26T16:24:45Z,,Movie_night,non,0.727,0.932,0.662,0.098,0,0.16,114.032,-4.931,Walt Disney Records
What's Your Favorite Scary Movie?,Alden Derck;Shannon Sheridan,What's Your Favorite Scary Movie?,2024-10-02,12,true,2024-12-12T17:57:54Z,,J&P,oui,0.678,0.972,0.654,0.186,0.00000198,0.0724,120.052,-5.004,Alden Derck
"What, Me Worry?",Portugal. The Man,"What, Me Worry?",2022-02-09,60,false,1970-01-01T00:00:00Z,,Daily_Mix_1,non,0.722,0.889,0.743,0.0682,0.00000477,0.0416,139.965,-2.564,Atlantic Records
Wild Child,The Black Keys,Dropout Boogie,2022-05-13,66,false,1970-01-01T00:00:00Z,"blues rock,garage rock,blues moderne,rock",Daily_Mix_1,non,0.68,0.639,0.957,0.017,0.00000509,0.0278,106.991,-6.233,Nonesuch
Wonders,Broken Back;Klingande,Good Days,2020-01-17,27,false,2023-12-26T16:23:54Z,"folk-pop,tropical house,deep house",Ballad,non,0.617,0.834,0.786,0.00482,0.00000308,0.0433,110.013,-6.255,Broken Back Inc / Sony Music Entertainment
ça pik un peu quand même,miki,industry plant,2025-10-03,56,true,2026-03-12T14:33:29Z,"pop française,pop française indie",,oui,0.738,0.736,0.764,0.0456,0.0000413,0.0688,107.977,-4.174,Structure
'74-'75,The Connells,Ring,1993-01-01,69,false,2023-12-26T16:24:31Z,jangle pop,L_&_P,non,0.53,0.59,0.43,0.183,0.00227,0.025,144.202,-9.169,The Bicycle Music Company
3 O'Clock Things,AJR,OK ORCHESTRA,2021-03-26,0,false,2025-02-18T08:47:10Z,,Taff,non,0.685,0.523,0.346,0.0344,0,0.0783,94.026,-8.633,S-Curve Records
A Tear in Space (Airlock),Glass Animals,I Love You So F***ing Much,2024-07-19,68,false,1970-01-01T00:00:00Z,,Daily_Mix_1,non,0.706,0.591,0.498,0.309,0.0000272,0.0438,92.984,-7.383,Polydor Records
A Tear in Space (Airlock),Glass Animals,A Tear in Space (Airlock),2024-06-07,60,false,2024-06-12T10:37:12Z,,Musique_du_dimanche,oui,0.711,0.597,0.507,0.301,0.0000413,0.0467,93.007,-7.364,Polydor Records
After Hours,The Weeknd,After Hours,2020-03-20,83,false,2023-12-26T16:02:49Z,,Anniversaire_Stéph_,non,0.658,0.572,0.144,0.0811,0.0061,0.0308,108.968,-6.099,Republic Records
Alabama,Adèle Castillon;Videoclub,Alabama,2023-06-16,36,false,2023-12-26T17:58:00Z,"pop française,pop française indie",A&P | Soirée_Parisienne,non,0.676,0.662,0.446,0.169,0.00563,0.0604,75.011,-7.855,Iconoclast Music
Ay Mamá,Rigoberta Bandini,Ay Mamá,2021-12-23,52,false,2023-12-26T16:26:22Z,,Spanish,non,0.675,0.582,0.297,0.0835,0.0000817,0.0371,127.018,-6.329,Rigoberta Bandini
Bandito,Twenty One Pilots,Trench,2018-10-05,63,false,2025-02-18T08:47:34Z,,Taff,non,0.661,0.52,0.427,0.256,0.0246,0.028,127.089,-8.367,Fueled By Ramen
Better Now,Post Malone,beerbongs & bentleys,2018-04-27,82,true,2023-12-26T16:26:11Z,,Sadness,non,0.674,0.578,0.34,0.331,0,0.0408,145.07,-5.804,Republic Records
Birds,Imagine Dragons,Origins (Deluxe),2018-11-09,75,false,2025-02-18T08:47:23Z,,Taff,non,0.649,0.516,0.35,0.0146,0.00000156,0.0297,119.997,-7.428,Kid Ina Korner / Interscope
Birds (feat. Elisa),Imagine Dragons;Elisa,Birds,2019-06-20,58,false,2025-02-18T08:47:23Z,"cantautori,concerto",Taff,non,0.627,0.527,0.293,0.0219,0,0.0294,119.995,-7.012,Kid Ina Korner / Interscope
Black Mambo,Glass Animals,ZABA,2014-06-03,62,false,2024-07-09T11:52:57Z,,,oui,0.675,0.409,0.308,0.294,0.000596,0.0423,79.954,-10.707,Wolf Tone
Born To Be Yours,Kygo;Imagine Dragons,Born To Be Yours,2018-06-15,62,false,2025-02-18T08:47:23Z,tropical house,Taff,non,0.688,0.688,0.451,0.3,0,0.0357,114.011,-5.84,Kygo & Imagine Dragons
Budapest,George Ezra,Wanted on Voyage (Expanded Edition),2014-06-30,83,false,2023-12-26T16:24:12Z,,Feel_good,non,0.717,0.455,0.389,0.0846,0,0.0276,127.812,-8.303,Columbia
Burn Out,Imagine Dragons,Origins (Deluxe),2018-11-09,52,false,2025-02-18T08:47:23Z,,Taff,non,0.588,0.494,0.291,0.0213,0.000072,0.0538,135.015,-8.831,Kid Ina Korner / Interscope
Can’t Sleep,K.Flay,Life as a Dog (Deluxe Version),2014-06-24,60,true,2026-01-11T13:51:10Z,,,oui,0.595,0.48,0.299,0.081,0,0.0926,145.562,-9.455,BMG Rights Management (US) LLC
Chlorine,Twenty One Pilots,Trench,2018-10-05,78,false,2025-02-18T08:47:34Z,,Taff,non,0.609,0.674,0.315,0.0735,0.06,0.0548,90.009,-7.388,Fueled By Ramen
Christmas in June,AJR,OK ORCHESTRA,2021-03-26,0,true,2025-02-18T08:47:10Z,,Taff,non,0.626,0.457,0.309,0.38,0,0.0341,130.844,-8.464,S-Curve Records
City Lights,Blanche,City Lights,2017-03-08,51,false,2023-12-26T16:24:07Z,,Eurovision,non,0.608,0.45,0.151,0.242,0.00000525,0.0268,129.948,-8.778,[PIAS] Recordings Belgium
"Comme un homme - De ""Mulan""/Bande Originale Française du Film",Patrick Fiori;Jose Garcia;Thierry Ragueneau;Pierre Francois Pistorio;Michel Vigné;Chorus - Mulan,Mulan (Bande originale française du Film),2014-01-01,58,false,2023-12-26T16:24:04Z,"variété française,chanson,pop française",E_&_P,non,0.651,0.655,0.416,0.138,0.000031,0.0552,114.126,-7.607,Walt Disney Records
Cringe,Matt Maeson,Bank On The Funeral,2019-04-05,70,false,2024-01-04T15:49:22Z,,,oui,0.729,0.474,0.443,0.0652,0,0.0553,126.047,-7.724,Neon Gold/Atlantic
Daddy Issues,The Neighbourhood,Wiped Out!,2015-10-30,86,false,2023-12-26T16:24:04Z,,E_&_P,non,0.588,0.521,0.337,0.0678,0.149,0.0329,85.012,-9.461,Columbia
Dangerously,Charlie Puth,Nine Track Mind,2016-01-29,66,false,2023-12-26T16:24:23Z,soft pop,Love,non,0.696,0.517,0.23,0.364,0,0.0366,112.291,-8.379,Artist Partner
Dark Horse,Katy Perry;Juicy J,PRISM (Deluxe),2013-10-18,77,false,2023-12-26T16:26:33Z,"pop,crunk",Throwback,non,0.647,0.585,0.353,0.00314,0,0.0512,131.934,-6.123,Capitol Records (CAP)
Dark Necessities,Red Hot Chili Peppers,The Getaway,2016-06-17,80,false,1970-01-01T00:00:00Z,"funk rock,rock alternatif,rock",Daily_Mix_1,non,0.7,0.742,0.197,0.0722,0.0199,0.0716,91.959,-6.777,Warner Records
Dear Winter 2.0,AJR,Dear Winter 2.0,2019-10-25,0,true,2025-02-18T08:47:10Z,,Taff,non,0.544,0.487,0.426,0.35,0,0.12,96.738,-7.41,BMG Rights Management (US) LLC
Deep Water,American Authors,Seasons,2019-02-01,49,false,2023-12-26T16:26:23Z,,Strong,non,0.597,0.626,0.45,0.183,0,0.0468,125.074,-5.891,Island Records
Dilemme,Lous and The Yakuza,Gore,2020-10-16,46,false,2023-12-26T16:23:30Z,,ANTI,non,0.841,0.541,0.378,0.0968,0,0.143,145.038,-7.564,Columbia
Doctor,Loïc Nottet,Sillygomania,2020-05-29,35,false,2023-12-26T16:24:15Z,,Freak,non,0.758,0.622,0.415,0.0617,0,0.139,105.005,-7.519,RCA Group
Don't Sing the Blues,Bohnes,206: Act II,2018-11-23,55,true,2023-12-26T16:23:30Z,,ANTI,non,0.714,0.638,0.366,0.0188,0,0.0567,107.957,-6.992,Nettwerk Music Group
Don't Throw Out My Legos,AJR,Neotheater,2019-04-26,0,false,2025-02-18T08:47:10Z,,Taff,non,0.629,0.583,0.492,0.142,0,0.0415,147.036,-6.274,BMG Rights Management (US) LLC
Don’t Forget Me,Imagine Dragons,LOOM,2024-06-28,62,false,2025-02-18T08:47:23Z,,Taff,non,0.585,0.499,0.336,0.00746,0,0.0272,100.005,-7.139,KIDinaKORNER/Interscope Records
Drama - Recorded at Spotify Studios NYC,AJR,Spotify Singles,2017-08-02,0,true,2025-02-18T08:47:10Z,,Taff,non,0.652,0.507,0.477,0.22,0,0.118,156.009,-9.555,AJR Productions
Easy Come Easy Go,Imagine Dragons,Mercury - Act 1,2021-09-03,0,false,2025-02-18T08:47:23Z,,Taff,non,0.673,0.459,0.477,0.294,0,0.0515,139.817,-7.274,Kid Ina Korner / Interscope
Electric Pow Wow Drum,The Halluci Nation,A Tribe Called Red,2013-03-12,54,false,2024-01-04T15:49:22Z,musique autochtone américaine,Musique_du_dimanche,oui,0.658,0.573,0.583,0.023,0.0613,0.107,133.442,-5.408,Radicalized Records
End Of The Road,Boyz II Men,Cooleyhighharmony (Bonus Tracks Version),1991-04-30,75,false,2023-12-26T16:02:49Z,"new jack swing,r&b,quiet storm",Anniversaire_Stéph_,non,0.641,0.428,0.53,0.0666,0,0.024,149.705,-9.29,UNI/MOTOWN
engravings,Ethan Bortnick,the last laugh,2023-03-31,65,true,2024-01-04T15:49:22Z,,,oui,0.645,0.661,0.38,0.22,0.00235,0.0492,139.039,-7.781,Columbia
Eté 90,Therapie TAXI,Rupture 2 merde,2021-01-08,69,false,2023-12-26T16:26:08Z,"pop française,pop française indie,variété française,house française",Roadtrip,non,0.649,0.618,0.381,0.0215,0.00000116,0.0779,92.02,-7.691,Panenka Music
Everybody Scream,Florence + The Machine,Everybody Scream,2025-08-20,58,false,2025-08-22T13:37:31Z,pop baroque,,oui,0.552,0.7,0.133,0.0289,0.000485,0.0626,120.163,-6.421,Florence + The Machine
Everything Moves,Bronze Radio Return,Shake! Shake! Shake!,2011-03-29,0,false,2023-12-26T16:23:56Z,,Electical_Wood,non,0.63,0.679,0.189,0.11,0.0019,0.0418,130.084,-4.776,Bronze Radio Return
Fire,Barns Courtney,The Attractions Of Youth,2017-09-29,69,false,2023-12-26T16:23:56Z,,Electical_Wood,non,0.548,0.64,0.392,0.21,0.000328,0.0306,108.326,-6.285,EMI
Fire in These Hills,Imagine Dragons,LOOM,2024-06-28,63,false,2025-02-18T08:47:23Z,,Taff,non,0.659,0.523,0.274,0.154,0,0.0368,125.013,-7.585,KIDinaKORNER/Interscope Records
Fitzpleasure,alt-J,An Awesome Wave,2012-05-28,62,false,2024-01-14T14:35:27Z,"indie,indie rock",,oui,0.584,0.594,0.36,0.142,0.00117,0.0487,143.935,-6.935,Infectious Music
Foaming,Day We Ran,Foaming,2023-02-24,69,true,2025-06-23T07:19:54Z,,,oui,0.64,0.687,0.273,0.00551,0.01,0.0415,129.979,-6.537,Retreat Records
Friction,Imagine Dragons,Smoke + Mirrors,2014-09-18,53,false,2025-02-18T08:47:23Z,,Taff,non,0.671,0.537,0.273,0.0508,0.0259,0.0358,104.007,-8.745,Kid Ina Korner / Interscope
Fête de trop,Eddy de Pretto,Cure,2018-03-02,55,true,2023-12-26T16:26:18Z,"pop française,variété française,house française,chanson,pop française indie",Soirée_Parisienne,non,0.652,0.387,0.442,0.123,0,0.0976,139.716,-8.793,Universal Music Division Virgin Records
Gasolina (feat. Myke Towers) - Safari Riot Remix,Daddy Yankee;Myke Towers;Fast & Furious: The Fast Saga,Gasolina (feat. Myke Towers) [Safari Riot Remix],2023-02-15,55,false,2024-10-12T14:36:34Z,"reggaeton,latino,trap latino,urbano latino,phonk,drift phonk",Anniversaire_Stéph_,non,0.673,0.698,0.184,0.0114,0,0.154,96.05,-8.81,APG Inc – FF10
Geronimo,Sheppard,Bombs Away,2015-01-12,75,false,2026-05-04T10:03:18Z,,,oui,0.706,0.78,0.451,0.451,0.00141,0.0795,142.029,-6.267,Decca (UMO)
Goner,Twenty One Pilots,Blurryface,2015-05-15,62,false,2025-02-18T08:47:34Z,,Taff,non,0.565,0.437,0.217,0.194,0.00000714,0.0403,96.132,-7.68,Fueled By Ramen
Grave,Eddy de Pretto,Culte,2018-11-09,41,true,2023-12-26T16:26:18Z,"pop française,variété française,house française,chanson,pop française indie",Soirée_Parisienne,non,0.57,0.66,0.0842,0.15,0,0.0675,119.777,-7.194,Universal Music Division Virgin Records
Grave Digger,Matt Maeson,Who Killed Matt Maeson,2017-03-31,44,false,2024-01-04T15:49:22Z,,,oui,0.629,0.492,0.426,0.049,0,0.0968,139.417,-7.7,Neon Gold/Atlantic
He Mele No Lilo,Mark Keali'i Ho'omalu;Kamehameha Schools Children's Chorus,Lilo And Stitch Original Soundtrack,2002-01-01,58,false,2023-12-26T16:24:45Z,,Movie_night | My_Top_2023,non,0.586,0.421,0.247,0.0763,0.0000112,0.0396,126.75,-10.672,EMI Marketing
Hold Back The River,James Bay,Chaos And The Calm,2015-03-20,71,false,2023-12-26T16:26:23Z,,Strong,non,0.715,0.715,0.507,0.0526,0,0.0902,134.922,-7.364,Mercury Records/Republic Owned
Hold On,En Vogue,Born to Sing,1990-04-03,57,false,2023-12-26T16:02:49Z,new jack swing,Anniversaire_Stéph_,non,0.728,0.464,0.383,0.0865,0,0.0605,96.944,-11.156,Rhino/Elektra
Home,Dotan,7 Layers,2014-01-31,64,false,2023-12-26T16:23:54Z,folk-pop,Ballad,non,0.755,0.705,0.301,0.0701,0.000103,0.0427,129.986,-8.941,7 Layers B.V.
Houndin,Layto,Houndin,2020-01-07,0,true,2024-01-04T15:49:22Z,dark r&b,,oui,0.737,0.456,0.42,0.0306,0,0.0817,132.875,-9.791,Oliver Twist Records
Humpty Dumpty,AJR,OK ORCHESTRA,2021-03-26,0,false,2025-02-18T08:47:10Z,,Taff,non,0.577,0.542,0.486,0.0102,0,0.0344,86.99,-7.868,S-Curve Records
Hung Up,Madonna,Confessions on a Dance Floor,2005-11-11,83,false,2024-02-24T16:36:12Z,,Anniversaire_Stéph_,non,0.649,0.647,0.405,0.0039,0.161,0.0452,125.02,-7.695,Warner Records
I Bet My Life,Imagine Dragons,Smoke + Mirrors,2014-09-18,61,false,2025-02-18T08:47:23Z,,Taff,non,0.553,0.657,0.555,0.335,0.000648,0.0405,107.889,-8.219,Kid Ina Korner / Interscope
I Don’t Wanna Live Forever (Fifty Shades Darker),ZAYN;Taylor Swift,Cleaning At Home - Pop Edition,2020-05-08,16,false,2023-12-26T16:24:04Z,,E_&_P,non,0.73,0.444,0.106,0.059,0.000018,0.0538,117.979,-8.418,UME - Global Clearing House
I Want More,Shawn James,Honor & Vengeance,2023-11-10,38,false,2024-10-21T20:22:17Z,southern gothic,Electical_Wood,non,0.497,0.509,0.411,0.0436,0.00000263,0.0379,120.135,-7.977,"Shawn James Music, Inc."
I'll Make Love To You,Boyz II Men,II,1994-08-30,70,false,2023-12-26T16:02:49Z,"new jack swing,r&b,quiet storm",Anniversaire_Stéph_,non,0.559,0.49,0.201,0.104,0,0.0247,142.445,-8.06,Motown
I'm Happy,Imagine Dragons,Mercury - Acts 1 & 2,2022-07-01,48,false,2025-02-18T08:47:23Z,,Taff,non,0.678,0.576,0.364,0.108,0,0.0335,106.041,-4.767,Kid Ina Korner / Interscope
Il est où le SAV ?,Suzane;Témé Tan,Toï Toï,2020-01-24,42,false,2024-01-04T15:49:22Z,"pop française,variété française,chanson,house française",,oui,0.663,0.601,0.431,0.00326,0.0000248,0.0437,99.967,-9.83,Wagram Music / 3ème Bureau
Imagine Dragons,Ragged Insomnia,Imagine Dragons,2021-08-18,50,false,2024-01-04T15:49:22Z,,,oui,0.72,0.688,0.146,0.0138,0.0000149,0.0909,87.544,-6.262,Ragged Insomnia
In My Blood,Shawn Mendes,Shawn Mendes,2018-05-25,74,false,2023-12-26T16:24:04Z,,E_&_P,non,0.622,0.711,0.487,0.0573,0,0.0665,140.016,-7.321,Island Records
In This Dark Time,Aime Simone,"Say Yes, Say No",2020-07-31,52,false,2023-12-26T16:26:11Z,,Sadness,non,0.697,0.534,0.269,0.181,0.0000119,0.032,99.008,-9.008,No Start No End
In Your Corner,Imagine Dragons,LOOM,2024-06-28,64,false,2025-02-18T08:47:23Z,,Taff,non,0.568,0.626,0.322,0.0179,0.00000686,0.0334,96.517,-6.677,KIDinaKORNER/Interscope Records
Insomnies,Colt,Mille vies,2023-09-22,47,false,2025-02-19T13:50:06Z,pop française,,oui,0.681,0.523,0.198,0.403,0,0.0789,134.972,-7.569,GASPARD ASBL
It Comes Back To You,Imagine Dragons,Smoke + Mirrors (Deluxe),2015-10-16,42,false,2025-02-18T08:47:23Z,,Taff,non,0.634,0.749,0.49,0.0789,0.0172,0.0289,99.997,-7.895,Kid Ina Korner / Interscope
je suis une femme,Zélie,un million de petits chocs,2024-03-01,51,false,2024-04-20T14:23:44Z,"pop française,pop française indie",A&P | Musique_du_dimanche,non,0.727,0.557,0.279,0.347,0,0.0583,99.975,-7.141,Play Two
Jumpsuit,Twenty One Pilots,Trench,2018-10-05,68,false,2025-02-18T08:47:34Z,,Taff,non,0.62,0.61,0.235,0.00849,0.162,0.0373,127.052,-8.329,Fueled By Ramen
Kid,Eddy de Pretto,Cure,2018-03-02,58,true,2023-12-26T16:26:18Z,"pop française,variété française,house française,chanson,pop française indie",Soirée_Parisienne,non,0.714,0.549,0.414,0.0494,0,0.172,143.906,-8.279,Universal Music Division Virgin Records
King,Foreign Figures,Everything Is Never As It Seems,2019-09-20,50,false,2025-05-30T14:40:45Z,,,oui,0.657,0.515,0.197,0.0624,0.00619,0.0344,120.013,-6.851,Dark Matter Records
Knights of Shame,AWOLNATION,Megalithic Symphony (10th Anniversary Deluxe Edition),2021-03-15,24,false,2026-02-16T13:29:37Z,,,oui,0.731,0.295,0.132,0.0323,0.00226,0.0639,99.988,-5.419,Red Bull Records
Leave The Light On,Zero 9:36,You Will Not Be Saved,2019-09-27,41,true,2024-01-04T15:49:22Z,,,oui,0.679,0.559,0.522,0.0131,0,0.0407,130.042,-7.248,ATCO Records
Lonely,Palaye Royale,The Bastards,2020-05-29,2,true,2023-12-26T16:26:11Z,,Sadness,non,0.622,0.619,0.483,0.0624,0,0.0561,147.965,-6.4,Sumerian Records
Lose Somebody,Kygo;OneRepublic,Lose Somebody,2020-05-15,61,false,2023-12-26T16:26:11Z,"tropical house,soft pop",Sadness,non,0.58,0.586,0.507,0.344,0,0.0357,147.988,-6.883,Kygo
Love,Imagine Dragons,Origins (Deluxe),2018-11-09,57,false,2025-02-18T08:47:23Z,,Taff,non,0.697,0.507,0.382,0.0535,0.00000117,0.04,82.483,-6.178,Kid Ina Korner / Interscope
Ma Meilleure Ennemie (from the series Arcane League of Legends),Stromae;Pomme;Arcane,Ma Meilleure Ennemie (from the series Arcane League of Legends),2024-11-23,75,false,2024-12-02T06:21:26Z,"pop française,bande originale",,oui,0.678,0.604,0.374,0.00465,0.000936,0.0962,88,-7.926,Riot Games
Madame Klaude,Therapie TAXI,Cadavre exquis,2019-12-06,38,false,2025-11-05T07:34:37Z,"pop française,pop française indie,variété française,house française",Test,oui,0.694,0.609,0.451,0.00763,0,0.0474,128.047,-5.78,Panenka Music
Mes lèvres rouges,Punani,Mes lèvres rouges,2025-08-01,23,false,2025-08-22T13:08:01Z,,,oui,0.6,0.573,0.265,0.000304,0.0287,0.029,120.001,-11.2,Punani
Middle Finger,Bohnes,Middle Finger,2015-12-14,65,true,2023-12-26T16:23:30Z,,ANTI | Anger,non,0.686,0.656,0.397,0.438,0,0.0383,127.985,-6.012,Nettwerk Music Group
Modern Loneliness,Lauv,~how i'm feeling~,2020-03-06,55,true,2023-12-26T16:26:11Z,,Sadness,non,0.701,0.507,0.146,0.14,0,0.0353,82.009,-7.106,Lauv
Mon Amour - Remix,zzoilo;Aitana,Mon Amour (Remix),2021-08-18,79,false,2023-12-26T16:26:04Z,pop latino,My_Top_2023 | Spanish,non,0.748,0.761,0.362,0.122,0.00000656,0.102,116.041,-6.621,Universal Music Spain S.L.
My Calling,AJR,Living Room,2015-03-03,0,false,2025-02-18T08:47:10Z,,Taff,non,0.697,0.666,0.346,0.188,0.00000173,0.0538,98.013,-5.123,AJR Productions/Warner Records
My Life,Imagine Dragons,Mercury - Act 1,2021-09-03,1,false,2025-02-18T08:47:23Z,,Taff,non,0.525,0.427,0.305,0.0828,0,0.032,129.982,-7.282,Kid Ina Korner / Interscope
Mélodrame,Loïc Nottet,Mélodrame,2022-11-09,33,false,2024-01-04T15:49:22Z,,,oui,0.606,0.406,0.159,0.388,0,0.0408,137.968,-7.033,RCA Group
métro,MATISSE,métro,2026-01-14,14,true,2026-03-15T19:21:12Z,,,oui,0.619,0.581,0.29,0.142,0.0000631,0.0554,123.995,-6.866,MATISSE
Natural,Imagine Dragons,Origins (Deluxe),2018-11-09,82,false,2025-02-18T08:47:23Z,,Taff,non,0.704,0.611,0.22,0.217,0,0.041,99.994,-6.112,Kid Ina Korner / Interscope
Nico and the Niners,Twenty One Pilots,Trench,2018-10-05,68,false,2025-02-18T08:47:34Z,,Taff,non,0.728,0.602,0.328,0.0699,0.00000701,0.185,140.081,-7.748,Fueled By Ramen
No One’s Here To Sleep,Naughty Boy;Bastille,Hotel Cabana (Deluxe Version),2013-01-01,45,true,2023-12-26T16:26:11Z,,Sadness,non,0.636,0.497,0.148,0.0312,0.00148,0.0313,122.026,-6.876,Virgin Records Ltd
Ojitos Lindos,Bad Bunny;Bomba Estéreo,Un Verano Sin Ti,2022-05-06,86,false,2023-12-26T16:26:22Z,"reggaeton,trap latino,latino,urbano latino,musique alternative latino,electrocumbia",Spanish,non,0.647,0.686,0.268,0.08,0.00000134,0.0413,79.928,-5.745,Rimas Entertainment LLC
Old Me,5 Seconds of Summer,CALM,2020-03-27,62,true,2023-12-26T16:24:04Z,,E_&_P,non,0.722,0.62,0.474,0.313,0,0.0483,127.978,-3.639,5 Seconds Of Summer/Interscope
P.A.L.O.M.A,Rebeka Warrior;Paloma;RAUMM,P.A.L.O.M.A,2024-03-05,24,true,2024-03-12T18:32:39Z,"électroclash,pop française indie,pop française,techno",,oui,0.531,0.75,0.223,0.00549,0.00122,0.0317,123.993,-7.417,WARRIORECORDS
Par cœur,Andéol;St Graal,Par cœur,2026-04-02,43,false,2026-04-02T08:42:22Z,"pop française indie,pop française",,oui,0.655,0.578,0.483,0.27,0.000088,0.0445,95.007,-6.358,Panenka Music
Part Time Believer,Boy & Bear,Moonfire,2011-08-05,41,false,2023-12-26T16:23:54Z,,Ballad,non,0.603,0.564,0.356,0.0119,0.0000941,0.0259,113.51,-5.783,Universal Music Australia Pty. Ltd.
PN,Lancelot,PN,2022-11-24,45,false,2025-06-19T07:46:18Z,"pop française,pop française indie",,oui,0.694,0.667,0.47,0.0634,0.0000786,0.082,119.916,-8.931,6&7
Ramenez-moi,Colt,Ramenez-moi,2022-09-30,26,false,2025-03-11T18:40:30Z,pop française,,oui,0.54,0.522,0.493,0.35,0,0.0321,134.999,-7.746,GASPARD ASBL
Redecorate,Twenty One Pilots,Scaled And Icy,2021-05-21,66,false,2025-02-18T08:47:34Z,,Taff,non,0.632,0.65,0.397,0.158,0.0000239,0.0797,82.58,-6.851,Fueled By Ramen
Remind Me to Forget,Kygo;Miguel,Remind Me to Forget,2018-03-16,63,false,2023-12-26T16:26:11Z,"tropical house,r&b",Sadness,non,0.685,0.508,0.315,0.193,0,0.0987,99.063,-6.4,Kygo
Revenge And a Little More,Unlike Pluto,Pluto Tapes: Volume 3,2019-08-01,34,false,2023-12-26T16:24:15Z,,Freak,non,0.746,0.494,0.369,0.364,0.00000237,0.0626,90.088,-7.537,Heroic
Revolting Children,Charlie Hodson-Prior;Meesha Garbett;Liberty Greig;The Cast of Roald Dahl's Matilda The Musical,"Revolting Children [from ""Roald Dahl's Matilda The Musical"" (Soundtrack from the Netflix Film)]",2022-11-04,47,false,2023-12-26T16:24:45Z,comédies musicales,Movie_night,non,0.628,0.646,0.384,0.43,0,0.0388,116.038,-5.898,Masterworks
Routines In The Night,Twenty One Pilots,Clancy,2024-05-24,75,false,2025-02-18T08:47:34Z,,Taff,non,0.755,0.714,0.107,0.0915,0.000341,0.0511,112.995,-5.098,Fueled By Ramen
Say It,Madeaux,Near Life Experience,2022-10-28,42,false,2025-09-01T19:04:46Z,,,oui,0.835,0.643,0.333,0.0214,0.00867,0.0975,100.025,-5.195,Limbo Records
Serenity,Prismo,Serenity,2017-05-23,32,false,2024-01-04T15:49:22Z,future bass,,oui,0.561,0.544,0.156,0.00675,0,0.0919,140.056,-7.927,Prismo Music
Si j'étais un homme,Chilla,Karma,2017-11-10,50,false,2023-12-26T16:26:18Z,"r&b français,rap français,pop urbaine",Soirée_Parisienne,non,0.685,0.571,0.14,0.229,0,0.0832,128.018,-8.224,Universal Music Division Capitol Music France
Sick Boy,The Chainsmokers,Sick Boy,2018-12-14,64,false,2024-01-12T15:56:00Z,,,oui,0.663,0.577,0.454,0.109,0,0.0531,89.996,-7.518,Disruptor Records/Columbia
Sirens,Imagine Dragons,Mercury - Acts 1 & 2,2022-07-01,53,false,2025-02-18T08:47:23Z,,Taff,non,0.67,0.671,0.363,0.0557,0.00844,0.0363,98.965,-6.488,Kid Ina Korner / Interscope
Smoke And Mirrors,Imagine Dragons,Smoke + Mirrors (Deluxe),2015-10-16,44,false,2025-02-18T08:47:23Z,,Taff,non,0.602,0.637,0.0871,0.0648,0.0222,0.0284,109.99,-7.283,Kid Ina Korner / Interscope
Soldi,Mahmood,Gioventù Bruciata,2019-02-22,63,false,2024-03-15T18:09:57Z,,A&P | Musique_du_dimanche,oui,0.729,0.589,0.349,0.0361,0,0.0483,95.065,-9.871,Universal Music Italia srL.
Sorry to Your Next Ex,Haiden Henderson,Sorry to Your Next Ex,2022-03-18,42,true,2024-01-04T15:49:22Z,,,oui,0.614,0.65,0.472,0.0687,0,0.0323,140.974,-8.208,Haiden / SunPop
Soyez Prêtes,Jean Piat;Michel Mella;Marie-Christine Darah,Le Roi Lion (Deluxe Collection - Lion King),2011-08-19,42,false,2025-07-27T14:58:41Z,,,oui,0.717,0.582,0.325,0.273,0,0.131,121.87,-11.775,Walt Disney Records
Stronger,Kanye West,Graduation,2007-09-11,86,true,2025-01-03T18:18:36Z,rap,Matrix,non,0.617,0.716,0.496,0.0056,0,0.136,104.014,-7.858,Roc-A-Fella
Stuck,Imagine Dragons,Origins (Deluxe),2018-11-09,51,false,2025-02-18T08:47:23Z,,Taff,non,0.621,0.478,0.248,0.263,0,0.0352,115.036,-8.246,Kid Ina Korner / Interscope
Sugar On My Tongue,"Tyler, The Creator",DON'T TAP THE GLASS,2025-07-21,84,true,2025-08-27T20:06:02Z,,,oui,0.703,0.501,0.463,0.0327,0,0.101,126.073,-7.037,Columbia
T.U.E.R.,Alex Paradoxe;Call Me Nude;Mo Hiroshi;Prigari;Senaya,FOR FUN,2024-01-31,25,false,2024-03-23T16:40:21Z,,,oui,0.8,0.471,0.24,0.0107,0.263,0.111,130.027,-12,Alex Paradoxe
Teeth,5 Seconds of Summer,CALM,2020-03-27,83,false,2023-12-26T16:24:04Z,,E_&_P,non,0.745,0.454,0.43,0.0437,0.00000347,0.0392,139.007,-2.986,5 Seconds Of Summer/Interscope
Tennis Court,Lorde,Pure Heroine,2013-09-27,71,true,2024-01-04T15:49:22Z,,,oui,0.764,0.567,0.426,0.0126,0.0000908,0.0609,89.991,-8.585,Universal Music New Zealand Limited
Tessellate,alt-J,An Awesome Wave,2012-05-28,67,false,2024-06-13T11:00:41Z,"indie,indie rock",,oui,0.683,0.613,0.43,0.375,0.0414,0.0426,116.909,-6.48,Infectious Music
The Entertainment's Here,AJR,Neotheater,2019-04-26,0,false,2025-02-18T08:47:10Z,,Taff,non,0.646,0.626,0.372,0.0167,0.0000087,0.0729,83.981,-6.351,BMG Rights Management (US) LLC
The Line (from the series Arcane League of Legends),Arcane;Twenty One Pilots,Arcane League of Legends: Season 2 (Soundtrack from the Animated Series),2024-11-23,75,false,2025-01-17T16:04:20Z,bande originale,,oui,0.556,0.47,0.322,0.263,0.000266,0.0379,142.596,-9.777,Riot Games
The Line (from the series Arcane League of Legends),Twenty One Pilots;Arcane;League of Legends,The Line (from the series Arcane League of Legends),2024-11-22,68,false,2025-02-18T08:47:34Z,bande originale,Taff,non,0.556,0.47,0.322,0.263,0.000266,0.0379,142.596,-9.777,Riot Games
The Man Who Can't Be Moved,The Script,The Script,2008-07-14,88,false,2024-01-04T15:49:22Z,,,oui,0.605,0.629,0.308,0.437,0,0.0279,99.894,-5.051,Epic/Phonogenic
The Run and Go,Twenty One Pilots,Vessel,2013-01-08,62,false,2025-02-18T08:47:34Z,,Taff,non,0.798,0.318,0.425,0.0437,0,0.0431,92.49,-6.849,Fueled By Ramen
This Is War,Matthew Raetzel;Richard Farrell,This Is War,2017-10-15,41,false,2023-12-26T16:26:23Z,,Strong,non,0.634,0.556,0.305,0.424,0,0.0432,133.942,-4.613,Matthew Raetzel
Tous les autres,Therapie TAXI,Cadavre exquis,2019-12-06,28,false,2026-04-14T06:24:46Z,"pop française,pop française indie,variété française,house française",,oui,0.618,0.45,0.319,0.0107,0.0000027,0.0631,86.035,-6.477,Panenka Music
Turning Out,AJR,The Click (Deluxe Edition),2018-09-21,0,false,2025-02-18T08:47:10Z,,Taff,non,0.604,0.522,0.459,0.166,0,0.0361,97.028,-5.505,AJR Productions
U-Turn (Lili),AaRON,Artificial Animals Riding on Neverland,2007-01-29,60,false,2024-11-04T17:03:40Z,pop française indie,J&P,non,0.618,0.543,0.135,0.381,0.000269,0.0247,75.033,-7.181,AaRON
Un jour je marierai un ange,Pierre de Maere,Regarde-moi,2023-01-27,61,false,2023-12-26T16:26:18Z,"pop française,variété française,chanson",Soirée_Parisienne,non,0.621,0.538,0.184,0.276,0,0.114,85.054,-10.531,Wagram Music / Cinq 7
Unholy (feat. Kim Petras),Sam Smith;Kim Petras,Unholy (feat. Kim Petras),2022-09-22,78,false,2024-02-24T16:28:58Z,soft pop,Anniversaire_Stéph_,non,0.719,0.454,0.224,0.0138,0.00000483,0.0707,131.007,-7.384,Capitol Records UK / EMI
Video Killed The Radio Star,The Buggles,The Age Of Plastic,1980-01-10,74,false,2024-01-04T15:49:22Z,,,oui,0.682,0.679,0.251,0.103,0.00831,0.0755,131.157,-11.548,Universal-Island Records Ltd.
VULGAR (with Madonna),Sam Smith;Madonna,VULGAR (with Madonna),2023-06-09,51,true,2024-05-12T11:36:59Z,soft pop,J&P,oui,0.805,0.604,0.373,0.0111,0.0687,0.0434,125.983,-7.014,Capitol Records UK / EMI
Walking With Giants,Rachel Sandy,Walking With Giants,2022-10-13,33,false,2024-01-04T15:49:22Z,,,oui,0.727,0.591,0.362,0.144,0.0000615,0.0552,139.912,-8.556,Sandy Studio Recordings
Way Less Sad,AJR,Way Less Sad,2021-02-17,0,false,2025-02-18T08:47:10Z,,Taff,non,0.701,0.547,0.4,0.00843,0,0.0483,140.015,-8.238,S-Curve Records
Who the Hell Is Edgar?,TEYA;SALENA,Who the Hell Is Edgar?,2023-03-08,52,false,2023-12-26T16:24:07Z,,Eurovision,non,0.688,0.644,0.508,0.0234,0.00202,0.0596,145.926,-7.629,WM Germany
Without Me,Halsey,Manic,2020-01-17,85,true,2023-12-26T16:24:04Z,,E_&_P,non,0.752,0.488,0.533,0.293,0.0000092,0.0705,136.07,-7.05,Capitol Records
Worst in Me,Unlike Pluto,Worst in Me,2017-02-21,52,false,2023-12-26T16:24:15Z,,Freak,non,0.675,0.67,0.481,0.0517,0.000635,0.0473,88.024,-6.476,Lowly
Wrecked,Imagine Dragons,Mercury - Act 1,2021-09-03,2,false,2025-02-18T08:47:23Z,,Taff,non,0.625,0.562,0.229,0.149,0.0000167,0.0289,93.998,-5.828,Kid Ina Korner / Interscope
Yes I'm A Mess,AJR,Yes I'm A Mess,2023-09-29,53,true,2023-12-26T16:26:04Z,,My_Top_2023,non,0.737,0.624,0.398,0.0242,0,0.0465,92.001,-5.667,Mercury Records / Republic Records
Yes I'm A Mess,AJR,The Maybe Man,2023-11-10,67,true,2025-02-18T08:47:10Z,,Taff,non,0.737,0.624,0.398,0.0242,0,0.0465,92.001,-5.667,Mercury Records / Republic Records
You Owe Me,The Chainsmokers,Sick Boy,2018-12-14,50,false,2024-01-12T15:56:37Z,,,oui,0.675,0.445,0.348,0.222,0,0.0394,89.98,-8.317,Disruptor Records/Columbia
Young Dumb & Broke,Khalid,American Teen,2017-04-27,86,false,2023-12-26T16:26:11Z,,Sadness,non,0.799,0.539,0.394,0.199,0.0000166,0.0421,136.948,-6.351,"Right Hand Music Group, LLC/RCA Records"
Younger,Imagine Dragons,Mercury - Acts 1 & 2,2022-07-01,50,false,2025-02-18T08:47:23Z,,Taff,non,0.661,0.562,0.512,0.07,0.00000171,0.0344,111.03,-8.114,Kid Ina Korner / Interscope
"Zero - From the Original Motion Picture ""Ralph Breaks The Internet""",Imagine Dragons,Origins (Deluxe),2018-11-09,68,false,2025-02-18T08:47:23Z,,Taff,non,0.635,0.661,0.251,0.000479,0.00142,0.0326,90.018,-7.543,Kid Ina Korner / Interscope
100 Bad Days,AJR,Neotheater,2019-04-26,1,false,2025-02-18T08:47:10Z,,Taff,non,0.626,0.639,0.638,0.0465,0,0.085,144.009,-5.62,BMG Rights Management (US) LLC
Adventure Is Out There,AJR,OK ORCHESTRA,2021-03-26,0,false,2025-02-18T08:47:10Z,,Taff,non,0.566,0.534,0.594,0.0774,0.00000952,0.055,161.872,-8.833,S-Curve Records
All Alone,fun.,Some Nights,2012-02-14,43,false,1970-01-01T00:00:00Z,,Daily_Mix_1,non,0.533,0.862,0.576,0.0205,0.000145,0.0678,183.077,-4.488,Fueled By Ramen
All Night,The Vamps;Matoma,Night & Day (Night Edition),2017-07-14,69,false,2023-12-26T16:24:04Z,tropical house,E_&_P,non,0.538,0.804,0.507,0.0041,0,0.0358,144.992,-5.194,EMI
All The Right Moves,OneRepublic,Waking Up,2009-01-01,70,false,2023-12-26T16:24:05Z,soft pop,Emo,non,0.529,0.948,0.65,0.258,0.00000935,0.0474,146.024,-3.527,Mosley / Interscope
Arabella,Arctic Monkeys,AM,2013-09-09,77,false,1970-01-01T00:00:00Z,"indie,garage rock",Daily_Mix_1,non,0.579,0.558,0.506,0.0202,0.00000126,0.0895,179.949,-6.986,Domino Recording Co
At The Risk Of Feeling Dumb,Twenty One Pilots,Clancy,2024-05-24,65,false,2025-02-18T08:47:34Z,,Taff,non,0.515,0.731,0.715,0.0157,0,0.168,167.821,-5.06,Fueled By Ramen
Aïe,Miel De Montagne,Ouin Ouin,2025-04-04,28,false,2025-06-05T21:20:58Z,"pop française indie,pop française,house française",,oui,0.586,0.81,0.543,0.00148,0.144,0.0304,157.998,-6.017,Recherche & Développement / Délicieuse Records
Bartholomew,The Silent Comedy,Common Faults,2010,49,false,2023-12-26T16:26:23Z,southern gothic,Strong,non,0.422,0.886,0.587,0.00999,0.00000473,0.0506,151.899,-6.009,Inkind Music
Bleed It Out,Linkin Park,Minutes to Midnight,2007-05-14,84,true,1970-01-01T00:00:00Z,"nu metal,rap metal,rock,metal alternatif",Daily_Mix_1,non,0.541,0.969,0.599,0.113,0,0.0458,140.119,-3.439,Warner Records
Blesse-moi,Therapie TAXI,Rupture 2 merde,2021-01-08,59,false,2023-12-26T16:26:18Z,"pop française,pop française indie,variété française,house française",Soirée_Parisienne,non,0.637,0.74,0.534,0.0314,0.0000105,0.121,174.93,-6.809,Panenka Music
Bodega Baddie,Cardi B,AM I THE DRAMA?,2025-09-19,61,true,2026-02-13T11:53:41Z,,,oui,0.696,0.859,0.383,0.0383,0.000108,0.135,169.831,-4.701,Atlantic Records
Born With a Broken Heart,Damiano David,Born With a Broken Heart,2024-10-25,69,false,2025-02-11T17:15:12Z,,,oui,0.326,0.834,0.59,0.00108,0,0.0536,171.758,-3.189,Sony Music Italy / Arista Records
Burn the House Down,AJR,The Click (Deluxe Edition),2018-09-21,0,true,2025-02-18T08:47:10Z,,Taff,non,0.454,0.66,0.568,0.0364,0,0.168,184.353,-4.357,AJR Productions
Calling All the Monsters,China Anne McClain,A.N.T. Farm,2011-10-11,54,false,2023-12-26T16:24:45Z,,Movie_night,non,0.561,0.826,0.499,0.00289,0,0.0972,141.98,-5.842,Walt Disney Records
Celoso,Lele Pons,Celoso,2018-08-17,71,false,2023-12-26T16:24:21Z,,Latino,non,0.746,0.703,0.667,0.352,0,0.107,166.044,-4.179,10:22 PM / UMLE
Cha Cha Cha,Käärijä,Cha Cha Cha,2023-01-17,64,false,2023-12-26T16:24:07Z,"pop finlandaise,europop",Eurovision,non,0.718,0.791,0.743,0.00207,0.00292,0.0447,155.082,-5.572,WM Finland
Come & Go (with Marshmello),Juice WRLD;Marshmello,Legends Never Die,2020-07-10,78,true,2024-01-04T15:49:22Z,"rap mélodique,rap emo,edm",,oui,0.625,0.814,0.535,0.0172,0,0.0657,144.991,-5.181,Grade A Productions/Interscope Records
"Cruisin' for a Bruisin' - From ""Teen Beach Movie""/Soundtrack Version",Brady;Jason Evigan;Grace Phipps,Teen Beach Movie,2013-01-01,63,false,2023-12-26T16:24:45Z,,Movie_night,non,0.585,0.911,0.781,0.0263,0,0.119,163.933,-4.623,Walt Disney Records
Crystal Memphis,Therapie TAXI,Hit Sale,2018-02-02,38,false,2023-12-26T16:26:18Z,"pop française,pop française indie,variété française,house française",Soirée_Parisienne,non,0.546,0.915,0.757,0.000732,0.00000476,0.0427,168.098,-3.686,Panenka Music
Deceptacon,Le Tigre,Le Tigre,1999-10-26,81,true,2026-03-27T16:04:58Z,"riot grrrl,queercore,électroclash",,oui,0.603,0.864,0.616,0.055,0.00493,0.0668,160.488,-3.341,"Mr. Lady Records, Le Tigre Records"
Despacito,Luis Fonsi;Daddy Yankee,VIDA,2019-02-01,84,false,2024-02-24T16:33:17Z,"latino,reggaeton",Anniversaire_Stéph_,non,0.655,0.797,0.839,0.198,0,0.153,177.928,-4.787,UMLE - Latino
Digital,Imagine Dragons,Origins (Deluxe),2018-11-09,52,false,2025-02-18T08:47:23Z,,Taff,non,0.49,0.889,0.383,0.00155,0.00000277,0.17,166.784,-5.179,Kid Ina Korner / Interscope
Dominer le bruit,Therapie TAXI,Cadavre exquis,2019-12-06,28,false,2026-02-05T15:56:59Z,"pop française,pop française indie,variété française,house française",,oui,0.527,0.753,0.556,0.00222,0.00179,0.114,162.048,-5.345,Panenka Music
Drama,AJR,The Click (Deluxe Edition),2018-09-21,0,true,2025-02-18T08:47:10Z,,Taff,non,0.558,0.678,0.658,0.206,0,0.156,156.129,-4.226,AJR Productions
Everybody Loves Me,OneRepublic,Waking Up,2009-01-01,60,false,2025-04-01T17:04:46Z,soft pop,,oui,0.578,0.907,0.66,0.0229,0,0.0895,170.04,-4.869,Mosley / Interscope
Everybody Wants It,ZEE MACHINE;Kelechi,Everybody Wants It,2022-07-06,35,false,2024-01-04T15:49:22Z,,Musique_du_dimanche,oui,0.558,0.916,0.336,0.0109,0.00000142,0.178,175.071,-3.725,Brainchemistry Records
Everyone Is Gay,A Great Big World,Is There Anybody Out There?,2014-01-20,37,false,2023-12-26T16:24:23Z,,Love,non,0.528,0.814,0.432,0.0354,0,0.0645,149.183,-6.134,Epic
Eyes Closed (feat. J Balvin),Imagine Dragons;J Balvin,LOOM,2024-06-28,58,false,2025-02-18T08:47:23Z,"reggaeton,latino",Taff,non,0.616,0.686,0.557,0.06,0.000185,0.116,173.941,-7.111,KIDinaKORNER/Interscope Records
Eyes Closed (feat. J Balvin),Imagine Dragons;J Balvin,Eyes Closed (feat. J Balvin),2024-05-03,2,false,2025-02-18T08:47:23Z,"reggaeton,latino",Taff,non,0.607,0.686,0.542,0.0675,0.000209,0.118,173.899,-7.068,KIDinaKORNER/Interscope Records
Faking,Thehiz,Faking,2024-02-23,0,false,2024-07-23T06:14:53Z,,,oui,0.538,0.753,0.666,0.035,0.0000065,0.0288,140.018,-4.551,"Thehiz, under exclusive license to 16 Entertainment"
Fear,X Ambassadors;Imagine Dragons,VHS,2015-06-30,36,false,2025-02-18T21:14:56Z,,,oui,0.386,0.799,0.608,0.00847,0.000119,0.0898,133.355,-4.663,Kid Ina Korner / Interscope
Feel You Now,THE DRIVER ERA,X,2019-06-28,0,false,2023-12-26T16:24:04Z,,E_&_P,non,0.535,0.724,0.501,0.102,0.000121,0.191,180.077,-5.192,BMG Rights Management (US) LLC
Feliz Navidad,José Feliciano,The Definite Best,2001-09-03,53,false,2025-10-22T11:51:22Z,"noel,bolero,villancicos",Noël,non,0.485,0.857,0.963,0.534,0,0.0442,148.749,-7.059,RCA Records Label
Freaks,Jordan Clarke,Freaks,2019-02-25,0,false,2023-12-26T16:24:15Z,,Freak,oui,0.675,0.569,0.64,0.116,0,0.0409,166.107,-6.356,Red Triangle Records
free me,anees,free me,2023-01-11,54,false,2023-12-26T16:24:12Z,,Feel_good,non,0.698,0.543,0.646,0.00547,0,0.163,167.959,-4.635,Anees LLC
Giver,K.Flay,Every Where Is Some Where,2017-04-07,56,true,2024-01-04T15:49:22Z,,,oui,0.493,0.606,0.573,0.0042,0.0104,0.0401,175.896,-4.437,Dan Reynolds PS
Gods Don’t Pray,Imagine Dragons,LOOM,2024-06-28,59,false,2025-02-18T08:47:23Z,,Taff,non,0.659,0.639,0.639,0.0162,0,0.0991,166.004,-7.158,KIDinaKORNER/Interscope Records
Higher Power,Coldplay,Higher Power,2021-05-07,68,false,2024-01-04T15:49:22Z,,,oui,0.507,0.828,0.489,0.00711,0.0000244,0.0449,178.032,-6.023,Parlophone UK
Hollow Tune,Brick + Mortar,Dropped,2015-07-17,46,false,1970-01-01T00:00:00Z,,Daily_Mix_3,non,0.48,0.759,0.54,0.0712,0.345,0.0328,172.05,-4.931,"Brick + Mortar, LLC"
Hopeless Opus,Imagine Dragons,Smoke + Mirrors (Deluxe),2015-10-16,42,false,2025-02-18T08:47:23Z,,Taff,non,0.633,0.657,0.591,0.00543,0.0000877,0.0349,140.041,-6.166,Kid Ina Korner / Interscope
How You Remind Me,Nickelback,As Melhores do Rock Internacional e Nacional,2023-12-16,16,false,2023-12-26T16:23:27Z,"post-grunge,rock",Anger | Anniversaire_Stéph_,non,0.443,0.769,0.518,0.00116,0,0.0329,172.143,-5.067,Warner Music Group - X5 Music Group
I Don't Like Myself,Imagine Dragons,Mercury - Acts 1 & 2,2022-07-01,55,false,2025-02-18T08:47:23Z,,Taff,non,0.574,0.71,0.6,0.177,0,0.0361,172.88,-4.84,Kid Ina Korner / Interscope
I Wanna Sex You Up,Color Me Badd,I Wanna Sex You Up,2018-05-12,52,false,2023-12-26T16:02:49Z,new jack swing,Anniversaire_Stéph_,non,0.553,0.702,0.453,0.00532,0.00000499,0.108,201.868,-4.829,Warner Music Group - X5 Music Group
Icarus,Bastille,Bad Blood,2013-01-01,43,false,2023-12-26T16:26:23Z,,Strong,non,0.583,0.778,0.673,0.0712,0.00000123,0.0459,134.945,-6.578,Virgin Records
Inertia,AJR,The Maybe Man,2023-11-10,62,true,2025-02-18T08:47:10Z,,Taff,non,0.43,0.583,0.653,0.0323,0,0.0403,176.04,-5.794,Mercury Records / Republic Records
J't'emmène au vent,Louise Attaque,Louise Attaque,1997-04-22,69,false,2023-12-26T16:02:49Z,"variété française,chanson,pop française",Anniversaire_Stéph_,non,0.567,0.772,0.597,0.252,0,0.0365,137.014,-5.577,Universal Music Division Barclay
Kamikaze,MØ,Kamikaze,2015-10-15,54,false,2024-01-04T15:49:22Z,,,oui,0.663,0.878,0.704,0.0368,0.00000339,0.0646,158.035,-3.195,Chess Club/RCA Victor
Kick,Saint Chaos,Seeing Red,2021-11-19,46,false,2024-01-04T15:49:22Z,,,oui,0.44,0.751,0.755,0.00131,0,0.0541,186.842,-5.164,The Royal Damage
L'aventurier,Indochine,L'aventurier,1982,66,false,2023-12-26T16:02:49Z,"variété française,chanson,pop française",Anniversaire_Stéph_,non,0.556,0.909,0.633,0.254,0.00058,0.0444,167.101,-9.982,Indochine Records
Lane Boy,Twenty One Pilots,Blurryface,2015-05-15,67,false,1970-01-01T00:00:00Z,,Daily_Mix_1 | Taff,non,0.616,0.811,0.913,0.0573,0.0000157,0.0626,159.929,-4.804,Fueled By Ramen
Les dauphins,St Graal,Les dauphins,2021-08-13,47,false,2023-12-26T16:26:04Z,"pop française,pop française indie",My_Top_2023 | Soirée_Parisienne | Soirée_Parisienne,non,0.43,0.888,0.563,0.00984,0.00212,0.0487,179.939,-5.627,Glory Box Music
Les garçons et les filles,St Graal,Les dernières histoires d'amour de St Graal,2026-01-16,20,false,2026-01-18T10:21:34Z,"pop française,pop française indie",,oui,0.502,0.763,0.568,0.0188,0,0.0856,144.987,-6.602,Glory Box Music
Let Me Out,Future Leaders of the World,LVL IV,2004-10-05,47,false,2023-12-26T16:23:27Z,post-grunge,Anger,non,0.553,0.871,0.474,0.0246,0.000107,0.0589,144.064,-5.31,Epic
LITTLE WHITE LIES,grandson,INERTIA,2025-09-05,45,false,1970-01-01T00:00:00Z,,Daily_Mix_3,non,0.49,0.937,0.902,0.00194,0.0212,0.131,185.912,-4.472,grandson
Livin' on Love,AJR,Living Room,2015-03-03,0,false,2025-02-18T08:47:10Z,,Taff,non,0.477,0.933,0.689,0.0609,0,0.121,196.068,-3.486,AJR Productions/Warner Records
"Love, l'artère",Paloma;Marc Bret-Vittoz,"Love, l'artère",2022-08-15,25,false,2023-12-26T16:26:04Z,,My_Top_2023 | Soirée_Parisienne,non,0.5,0.639,0.703,0.00576,0,0.0323,155.003,-11.948,Paloma
Madame Forever (Sara Forever),The Cast of Drag Race France,Madame Forever (Sara Forever),2023-09-05,23,false,2024-05-12T11:47:17Z,,J&P,non,0.618,0.881,0.707,0.157,0,0.114,139.821,-6.272,World of Wonder Records
Me And My Broken Heart,Rixton,Me And My Broken Heart,2014-01-01,45,false,2023-12-26T16:26:11Z,,Sadness,non,0.544,0.768,0.54,0.00611,0,0.0342,174.08,-4.655,Silent Records/Giant Little Man
melodrama,disiz;Theodora,on s'en rappellera pas,2025-11-21,76,false,2025-12-19T13:46:23Z,"rap français,shatta",,oui,0.688,0.688,0.668,0.109,0,0.071,153.92,-5.216,Carré Bleu Production
Midnight Sun,Zara Larsson,Midnight Sun,2025-06-13,84,false,2026-05-03T21:22:47Z,,,oui,0.693,0.855,0.496,0.0283,0.00000241,0.115,150.909,-4.834,Sommer House/Epic
Migraine,Twenty One Pilots,Vessel,2013-01-08,68,false,2025-02-18T08:47:34Z,,Taff,non,0.69,0.678,0.409,0.11,0,0.154,173.995,-6.52,Fueled By Ramen
MONTERO (Call Me By Your Name),Lil Nas X,MONTERO (Call Me By Your Name),2021-03-31,73,true,2023-12-26T16:23:30Z,,ANTI | E_&_P,non,0.61,0.508,0.758,0.297,0,0.152,178.818,-6.682,Columbia
Moon,The Cab,Lock Me Up,2014-01-01,48,false,2024-01-04T15:49:22Z,,,oui,0.523,0.783,0.723,0.00062,0.00447,0.0331,132.474,-6.38,Universal Records
Mulberry Street,Twenty One Pilots,Scaled And Icy,2021-05-21,69,false,1970-01-01T00:00:00Z,,Daily_Mix_1 | Taff,non,0.674,0.535,0.716,0.0138,0,0.0518,170.188,-7.114,Fueled By Ramen
My Soft Spots My Robots,Blanket Approval,My Soft Spots My Robots,2023-01-15,47,false,1970-01-01T00:00:00Z,,Daily_Mix_3,non,0.494,0.769,0.79,0.00258,0.0228,0.0508,157.959,-6.524,Get out there Records
My Songs Know What You Did In The Dark (Light Em Up),Fall Out Boy,Save Rock And Roll,2013-04-12,79,false,2023-12-26T16:23:27Z,"emo,punk pop",Anger,non,0.557,0.924,0.566,0.0271,0.00000332,0.064,151.988,-4.341,Island Records
Na Na Na (Na Na Na Na Na Na Na Na Na),My Chemical Romance,Danger Days: The True Lives of the Fabulous Killjoys,2010-11-19,73,true,1970-01-01T00:00:00Z,"emo,punk pop",Daily_Mix_1,non,0.411,0.986,0.649,0.000264,0.00148,0.0583,165.981,-2.522,Reprise
No Limit,2 Unlimited,Unlimited Hits & Remixes,2014-05-05,58,false,2023-12-26T16:02:49Z,"eurodance,hip-house",Anniversaire_Stéph_,non,0.663,0.999,0.633,0.0108,0.0012,0.0553,141.045,-6.676,Byte Records
Nuit,Edgär,Secret,2022-04-01,34,false,2025-11-04T17:44:21Z,pop française indie,,oui,0.477,0.946,0.805,0.0219,0.0486,0.0314,157.974,-4.257,Riptide Records
Ode to Sleep,Twenty One Pilots,Vessel,2013-01-08,64,false,2025-02-18T08:47:34Z,,Taff,non,0.446,0.76,0.512,0.00891,0.000108,0.0453,150.033,-3.608,Fueled By Ramen
Ordinaryish People (feat. Blue Man Group),AJR;Blue Man Group,OK ORCHESTRA,2021-03-26,0,false,2025-02-18T08:47:10Z,,Taff,non,0.627,0.64,0.831,0.0604,0.00000552,0.175,179.819,-7.312,S-Curve Records
Orpheus,Shawn James,The Dark & The Light,2019-03-22,0,false,2024-01-04T15:48:23Z,southern gothic,Electical_Wood | Favs | Musique_du_dimanche | My_Top_2023,non,0.547,0.677,0.623,0.00732,0.00000715,0.0345,132.917,-5.706,Parts + Labor Records
Our Lawyer Made Us Change The Name Of This Song So We Wouldn't Get Sued,Fall Out Boy,From Under The Cork Tree,2005-05-03,58,false,2023-12-26T16:24:05Z,"emo,punk pop",Energy,non,0.444,0.939,0.575,0.000645,0.00000772,0.104,154.284,-3.824,Island Records
Out of My League,Fitz and The Tantrums,Out of My League,2013-02-08,62,false,2024-01-04T15:49:22Z,,,oui,0.545,0.968,0.527,0.0387,0.00325,0.0853,169.965,-3.553,Elektra (NEK)
Outta My Body,Friday Pilots Club,Nowhere,2024-05-09,50,true,1970-01-01T00:00:00Z,,Daily_Mix_3,non,0.67,0.78,0.904,0.0428,0.000464,0.138,154.997,-5.596,Friday Pilots Club
Paper Crown,Alec Benjamin,Paper Crown,2022-12-02,55,false,2023-12-26T16:26:04Z,,My_Top_2023 | Sadness,non,0.613,0.69,0.656,0.0835,0,0.0391,143.925,-7.185,Elektra (NEK)
Pigalle,Therapie TAXI,EP,2017-03-10,34,false,2026-03-02T12:01:54Z,"pop française,pop française indie,variété française,house française",,oui,0.68,0.666,0.592,0.000708,0.000734,0.0376,165.002,-5.592,Panenka Music
places to be,Fred again..;Anderson .Paak;CHIKA,places to be,2024-05-31,64,true,2025-03-03T08:53:10Z,"stutter house,house,edm,r&b alternatif",,oui,0.548,0.878,0.826,0.0253,0.000934,0.0598,174.043,-5.154,Atlantic Records UK
Playboy,St Graal,Les extraordinaires histoires d'amour de St Graal,2024-09-27,33,false,2024-11-12T18:25:45Z,"pop française,pop française indie",,oui,0.561,0.633,0.763,0.00213,0.00306,0.0774,139.958,-7.451,Glory Box Music
Polarize,Twenty One Pilots,Blurryface,2015-05-15,65,false,2025-02-18T08:47:34Z,,Taff,non,0.597,0.666,0.626,0.122,0.00302,0.0418,164.992,-6.365,Fueled By Ramen
Por Las Buenas,Billo's Caracas Boys,Por Las Buenas,2007-08-31,60,false,2025-06-23T07:22:03Z,"musique tropicale,merengue,guaracha,bolero",,oui,0.574,0.562,0.853,0.162,0.0000998,0.0688,201.353,-6.65,Musart-Balboa
Premier Baiser,St Graal;KALIKA,Premier Baiser,2024-06-19,24,true,2024-06-20T20:44:50Z,"pop française,pop française indie",,oui,0.479,0.785,0.668,0.00518,0.00125,0.104,162.794,-7.804,Glory Box Music
Pump It,Black Eyed Peas,Monkey Business,2005-01-01,85,true,2023-12-26T16:26:33Z,,Throwback,non,0.648,0.931,0.744,0.00937,0,0.181,153.649,-3.15,Interscope
READ YOUR DIARY,Måneskin,RUSH!,2023-01-20,59,false,1970-01-01T00:00:00Z,,Daily_Mix_1,non,0.54,0.856,0.672,0.000189,0.0000767,0.0568,131.951,-5.181,Epic
Replay,Zendaya,Zendaya,2013-01-01,70,false,2023-12-26T16:24:45Z,,Movie_night,non,0.688,0.723,0.618,0.0416,0.0002,0.121,140.023,-6.682,Hollywood Records
Round And Round,Imagine Dragons,Night Visions (Deluxe),2012-09-04,43,false,2025-02-18T08:47:23Z,,Taff,non,0.455,0.858,0.48,0.00262,0,0.044,141.947,-4.221,Kid Ina Korner / Interscope
Rude Boy,Rihanna,Rated R,2009-11-20,82,true,2023-12-26T16:26:33Z,,Throwback,non,0.563,0.75,0.812,0.113,0,0.127,173.909,-4.496,Def Jam Recordings
Run,Tiggs Da Author,Men's Health: Beach Body Workout,2016-06-03,30,false,2023-12-26T16:02:49Z,"grime,grime uk",Anniversaire_Stéph_,non,0.586,0.707,0.673,0.00958,0.0000171,0.167,165.99,-4.179,NITRON media
Runaway Baby,Bruno Mars,Doo-Wops & Hooligans,2010-05-11,78,false,2025-08-19T19:58:12Z,,,oui,0.658,0.762,0.823,0.263,0,0.0425,163.864,-3.028,Elektra (NEK)
Save Me Some Sunshine,Rafferty,Save Me Some Sunshine,2016-11-30,59,false,1970-01-01T00:00:00Z,,Daily_Mix_3,non,0.498,0.761,0.537,0.0754,0.0309,0.0356,178.018,-4.422,Kravenworks LLC
Say My Name (feat. Benjamin Joseph),Peking Duk;Benjamin Joseph,Say My Name (feat. Benjamin Joseph),2015-07-10,36,false,2024-01-04T15:49:22Z,,,oui,0.441,0.798,0.656,0.0934,0,0.0793,173.935,-4.051,Vicious Recordings/RCA Records
She Looks So Perfect,5 Seconds of Summer,5 Seconds Of Summer,2014-06-27,75,false,2023-12-26T16:24:04Z,,E_&_P,non,0.494,0.951,0.441,0.000569,0,0.132,160.025,-4.237,Capitol
Shut Me Up,Mindless Self Indulgence,You'll Rebel To Anything (Expanded and Remastered 2008),2008-01-22,59,true,2023-12-26T16:23:27Z,,Anger,non,0.589,0.797,0.786,0.000673,0,0.174,174.041,-4.213,Metropolis Records
Sing To Me,MISSIO;Death Stranding: Timefall,Sing To Me,2019-11-06,56,false,2024-01-04T15:49:22Z,,,oui,0.55,0.872,0.618,0.0864,0.000291,0.0588,142.041,-4.742,Sony Interactive Entertainment/RCA Records
Six Shooter,Coyote Kisses,Six Shooter,2015-06-01,53,false,2024-01-04T15:49:22Z,chillstep,,oui,0.515,0.941,0.914,0.000216,0.000283,0.0846,161.923,-4.902,SoMeta Records
SIXFT,I DONT KNOW HOW BUT THEY FOUND ME,GLOOM DIVISION,2024-02-23,52,true,1970-01-01T00:00:00Z,,Daily_Mix_3,non,0.591,0.899,0.918,0.0272,0,0.0401,152.963,-6.033,Concord Records
Snap Back,Twenty One Pilots,Clancy,2024-05-24,64,false,2025-02-18T08:47:34Z,,Taff,non,0.594,0.741,0.568,0.0671,0,0.0553,139.965,-5.897,Fueled By Ramen
SOLEIL,a6el,SOLEIL,2025-06-20,72,true,2026-04-04T06:41:56Z,,,oui,0.611,0.94,0.873,0.0257,0.00223,0.0419,172.914,-6.229,6291255 Records DK
Somebody To You,The Vamps,Meet The Vamps,2014-01-01,72,false,2023-12-26T16:24:04Z,,E_&_P,non,0.525,0.818,0.897,0.0581,0,0.0358,171.962,-5.952,EMI
Space Song,Beach House,Depression Cherry,2015-08-28,75,false,2023-12-26T16:26:34Z,dream pop,Universe,non,0.509,0.793,0.625,0.221,0.127,0.0293,147.065,-7.107,Apple Orchard Music
Stressed Out,Twenty One Pilots,Blurryface,2015-05-15,88,false,2025-02-18T08:47:34Z,,Taff,non,0.734,0.637,0.648,0.0462,0.0000229,0.141,169.977,-5.677,Fueled By Ramen
"Sugar, We're Goin Down",Fall Out Boy,From Under The Cork Tree,2005-05-03,82,false,2023-12-26T16:24:05Z,"emo,punk pop",Energy,oui,0.494,0.842,0.574,0.00579,0,0.0843,162.011,-4.784,Island Records
Superheroes,The Script,No Sound Without Silence,2014-09-15,76,false,2023-12-26T16:24:32Z,,Motivation,non,0.49,0.885,0.64,0.00218,0,0.0396,166.996,-4.121,Columbia
Superposition,Young the Giant,Mirror Master,2018-10-12,70,false,1970-01-01T00:00:00Z,,Daily_Mix_3,non,0.593,0.697,0.428,0.00289,0.0257,0.0399,170,-5.416,Elektra (NEK)
"Surf Crazy - From ""Teen Beach Movie""/Soundtrack Version",Spencer Lee;Keely Hawkes;Teen Beach Movie Cast,Teen Beach Movie,2013-01-01,50,false,2023-12-26T16:24:45Z,,Movie_night,non,0.426,0.953,0.678,0.155,0,0.106,169.93,-3.282,Walt Disney Records
Take It From Me,KONGOS,Egomaniac,2016-06-10,51,false,2024-01-04T15:49:22Z,,,oui,0.555,0.74,0.761,0.0555,0.00000708,0.175,172.915,-7.016,Epic
Take on Me - Kygo Remix,a-ha;Kygo,Take on Me (Kygo Remix),2015-08-26,61,false,2025-01-03T18:20:56Z,"new wave,synthpop,tropical house",Matrix,non,0.535,0.78,0.622,0.159,0.000761,0.113,179.964,-6.008,Rhino/Warner Records
Teach Me To Fight,YONAKA,Teach Me To Fight,2018-08-17,48,true,1970-01-01T00:00:00Z,,Daily_Mix_3,non,0.417,0.977,0.67,0.000582,0,0.0769,178.069,-2.789,Atlantic Records UK
The Adults Are Talking,The Strokes,The New Abnormal,2020-04-10,85,false,1970-01-01T00:00:00Z,"garage rock,indie rock,rock alternatif",Daily_Mix_1,oui,0.593,0.749,0.649,0.0113,0.106,0.0475,164.959,-5.67,Cult Records/RCA Records
The Code,Nemo,The Code,2024-02-29,63,false,2024-04-19T16:12:52Z,,A&P | Eurovision,non,0.542,0.77,0.489,0.215,0,0.147,159.818,-3.852,Better Now Records
The Dumb Song,AJR,The Maybe Man,2023-11-10,51,true,2025-02-18T08:47:10Z,,Taff,non,0.502,0.725,0.757,0.0507,0.00000281,0.0488,170.826,-4.214,Mercury Records / Republic Records
The Higher You Climb,MISSIO,I Am Cinco,2024-05-03,20,false,2025-05-20T14:48:15Z,,,oui,0.525,0.926,0.764,0.000166,0.0316,0.0414,152.039,-3.112,Nettwerk Music Group
The Middle,Jimmy Eat World,Bleed American,2001-07-17,84,false,2023-12-26T16:24:05Z,"emo,punk pop",Energy,non,0.643,0.849,0.903,0.0371,0,0.0526,162.152,-5.428,Interscope
The Witches Are Back,Bette Midler;Sarah Jessica Parker;Kathy Najimy,Hocus Pocus 2 (Original Soundtrack),2022-09-30,41,false,2024-10-26T21:00:30Z,,J&P,non,0.576,0.976,0.832,0.051,0,0.0818,147.984,-4.382,Walt Disney Records
"Time Warp (feat. Ross Lynch, Jaz Sinclair, Lachlan Watson & Jonathan Whitesell)",Cast of Chilling Adventures of Sabrina;Jaz Sinclair;Jonathan Whitesell;Lachlan Watson;Ross Lynch,Chilling Adventures of Sabrina: Pt. 4 (Original Television Soundtrack),2021-01-01,28,false,2023-12-26T16:24:45Z,,Movie_night,non,0.439,0.774,0.722,0.00213,0,0.107,174.613,-6.156,WaterTower Music
Together,Joakim Molitor,Together,2019-06-28,34,false,2024-01-04T15:49:22Z,,,oui,0.487,0.582,0.6,0.0605,0,0.11,175.036,-6.326,Uniform Beat
Tout ce que je ne sais pas,St Graal,Le cœur qui cogne,2023-03-31,27,false,2023-12-26T16:26:18Z,"pop française,pop française indie",Soirée_Parisienne,non,0.585,0.694,0.764,0.175,0.000191,0.144,130.008,-6.709,Glory Box Music
Train,Brick + Mortar,Dropped,2015-07-17,53,false,1970-01-01T00:00:00Z,,Daily_Mix_3,non,0.596,0.729,0.56,0.0433,0.151,0.0698,149.999,-5.82,"Brick + Mortar, LLC"
Turn Up the Music,Adam Hicks;Bridgit Mendler;Naomi Scott;Hayley Kiyoko;Blake Michael,Lemonade Mouth,2011-01-01,58,false,2023-12-26T16:24:45Z,,Movie_night,non,0.531,0.827,0.801,0.0957,0.00000184,0.081,183.977,-3.7,Walt Disney Records
Viaje en una Sandía Gigante,Carlos Salinas,Viaje en una Sandía Gigante,2023-10-20,0,false,2023-12-26T16:26:22Z,,Spanish,non,0.477,0.967,0.676,0.234,0.00000169,0.113,135.944,-4.608,Sandía Gigante
Waterloo,ABBA,Waterloo,1974,75,false,2026-02-04T15:25:58Z,,Eurovision,non,0.445,0.949,0.653,0.395,0.00000818,0.0471,147.604,-4.682,Polar Music International AB
We Don't Talk About Bruno,Carolina Gaitán - La Gaita;Mauro Castillo;Adassa;Rhenzy Feliz;Diane Guerrero;Stephanie Beatriz;Encanto - Cast,Encanto (Original Motion Picture Soundtrack),2021-11-19,75,false,2023-12-26T16:24:45Z,,Movie_night,non,0.577,0.45,0.83,0.357,0,0.0834,205.863,-8.516,Walt Disney Records
Wind at My Back,Eric Montas,Back East,2018-02-22,12,false,2023-12-26T16:24:31Z,,L_&_P,non,0.5,0.753,0.863,0.00811,0,0.0383,149.049,-8.511,Eric Montas
Wolf in Sheep's Clothing,Set It Off;William Beckett,Duality,2014-10-14,63,true,2023-12-26T16:23:27Z,,Anger,non,0.445,0.907,0.71,0.00161,0,0.0773,165.069,-3.894,Rude Records Equal Vision
Wonderwall,Oasis,Time Flies...1994-2009,2010-06-14,61,false,2023-12-26T16:02:49Z,"britpop,madchester",Anniversaire_Stéph_,non,0.411,0.89,0.681,0.000752,0,0.0332,174.5,-4.352,Big Brother
Woody Allen,AJR,Living Room,2015-03-03,0,true,2025-02-18T08:47:10Z,,Taff,non,0.536,0.81,0.597,0.000676,0.00000339,0.0298,148.113,-4.274,AJR Productions/Warner Records
Yesterday,Imagine Dragons,Evolve,2017-06-23,0,false,2025-02-18T08:47:23Z,,Taff,non,0.559,0.641,0.577,0.26,0,0.0434,156.038,-6.118,Kid Ina Korner / Interscope
You Stupid Bitch,girl in red,if i could make it go quiet,2021-04-30,61,true,2023-12-26T16:24:23Z,bedroom pop,Love,non,0.521,0.833,0.764,0.00721,0.00119,0.053,149.006,-5.661,world in red
Adore,Dean Lewis,Same Kind Of Different,2017-05-12,50,false,2023-12-26T16:26:11Z,,Sadness,non,0.479,0.486,0.302,0.67,0,0.0388,68.889,-6.066,Universal Music Australia Pty. Ltd.
Another Love,Tom Odell,Long Way Down,2013-06-17,65,true,2026-04-20T14:18:29Z,,Piano,non,0.442,0.538,0.139,0.717,0.0000295,0.0451,122.758,-8.55,ITNO/Columbia
Another Love,Tom Odell,Long Way Down (Deluxe),2013-06-24,88,true,2025-10-03T14:41:59Z,,Sadness,non,0.445,0.537,0.131,0.695,0.0000165,0.04,122.769,-8.532,ITNO/Columbia
Apofrimouthéose,Edna Sorgelsen,Apofrimouthéose,2023-02-21,1,false,2024-07-08T18:01:09Z,,,oui,0.574,0.61,0.249,0.617,0.00000249,0.0548,119.935,-10.446,ML Records
Bad Things,Summer Kennedy,The Bright Side,2018-06-21,0,false,2023-12-26T16:24:15Z,,Freak,non,0.652,0.555,0.359,0.48,0.000208,0.0294,75.982,-7.702,Position Music
Big White Bed,AJR,Living Room,2015-03-03,0,false,2025-02-18T08:47:10Z,,Taff,non,0.596,0.351,0.351,0.461,0.000111,0.0321,123.981,-7.205,AJR Productions/Warner Records
Calling Me,Aquilo,Calling Me,2015-05-11,30,false,2023-12-26T16:26:34Z,,Universe,non,0.559,0.389,0.104,0.501,0,0.0296,119.997,-9.578,Universal-Island Records Ltd.
Cancer,Twenty One Pilots,Cancer,2016-09-14,59,false,2025-02-18T08:47:34Z,,Taff,non,0.652,0.295,0.196,0.281,0.0000103,0.0477,75.065,-11.045,Fueled By Ramen
chateau fort,MATISSE,chateau fort,2025-08-08,26,true,2026-03-17T13:02:41Z,,,oui,0.659,0.468,0.212,0.733,0.0162,0.137,130.016,-10.178,MATISSE
Christmas (Baby Please Come Home),Sleeping At Last,"Christmas Collection, Vol. 1",2017-11-03,18,false,2023-12-26T16:26:08Z,,Noël,non,0.353,0.377,0.27,0.827,0,0.0363,120.583,-8.837,Asteroid B-612
Clouds (with Sabrina Carpenter),Fin Argus;Sabrina Carpenter,CLOUDS (Music From The Disney+ Original Movie),2020-10-16,47,false,2023-12-26T16:24:04Z,pop,E_&_P,non,0.583,0.633,0.379,0.571,0.000816,0.0279,95.037,-7.662,Wayfarer Studios/Interscope Records
Continual (feat. Cory Henry),Imagine Dragons;Cory Henry,Mercury - Acts 1 & 2,2022-07-01,44,false,2025-02-18T08:47:23Z,"retro-soul,jazz chrétien,jazz fusion",Taff,non,0.519,0.289,0.12,0.863,0,0.0266,110.851,-7.366,Kid Ina Korner / Interscope
Dancing On My Own,Calum Scott,Only Human (Deluxe),2018-03-09,80,false,2023-12-26T16:26:11Z,soft pop,Sadness,non,0.681,0.174,0.231,0.837,0.0000335,0.0315,112.672,-8.745,Capitol Records (US1A)
Daylight,David Kushner,Daylight,2023-04-14,13,false,2024-01-04T15:49:22Z,,,oui,0.508,0.43,0.324,0.83,0.000441,0.0335,130.09,-9.475,"Miserable Music Group, LLC"
De Madrugá,ROSALÍA,LUX,2025-11-07,70,false,2026-01-22T18:23:54Z,latino,,oui,0.317,0.368,0.519,0.716,0,0.0365,69.723,-7.498,Columbia
Dear Winter,AJR,Neotheater,2019-04-26,0,true,2025-02-18T08:47:10Z,,Taff,non,0.633,0.217,0.546,0.789,0,0.045,94.13,-9.717,BMG Rights Management (US) LLC
Decrescendo,Lomepal,Mauvais Ordre,2022-09-15,59,false,2023-12-26T16:26:04Z,rap français,My_Top_2023 | Soirée_Parisienne,non,0.681,0.459,0.33,0.595,0,0.0398,83.47,-7.178,Pinéale
Dos Oruguitas,Sebastian Yatra,Encanto (Original Motion Picture Soundtrack),2021-11-19,69,false,2023-12-26T16:24:45Z,"pop colombienne,reggaeton",Movie_night,non,0.423,0.355,0.465,0.761,0,0.0454,93.788,-10.565,Walt Disney Records
Dream,Imagine Dragons,Smoke + Mirrors,2014-09-18,54,false,2025-02-18T08:47:23Z,,Taff,non,0.346,0.509,0.115,0.674,0.0000797,0.0514,143.437,-7.693,Kid Ina Korner / Interscope
Ensemble,Aliocha Schneider,Aliocha Schneider,2023-09-29,60,false,2024-03-21T17:41:52Z,"pop française,chanson québécoise,variété française,chanson",A&P,non,0.59,0.361,0.254,0.653,0.00473,0.0457,78.012,-12.275,Local
Ferris Wheel,Imagine Dragons,Mercury - Acts 1 & 2,2022-07-01,47,false,2025-02-18T08:47:23Z,,Taff,non,0.392,0.355,0.208,0.781,0,0.0322,118.451,-8.316,Kid Ina Korner / Interscope
FIRST HELLO,GRANT KNOCHE,FIRST HELLO,2022-09-08,36,false,2024-01-04T15:49:22Z,pop d'auteur·e-compositeur·rice-interprète,,oui,0.481,0.414,0.323,0.7,0,0.0736,77.058,-8.492,Grant Knoche
Flowers,Jamie Hannah,Flowers,2022-04-22,35,false,2024-01-04T15:49:22Z,,My_Top_2023,oui,0.52,0.537,0.111,0.442,0.000075,0.0353,118.008,-7.549,Helios Records Ltd.
Ghosts,BANNERS,Ghosts,2015-09-25,52,false,2023-12-26T16:26:11Z,,Sadness,non,0.502,0.326,0.068,0.381,0,0.0261,77.03,-7.145,Island Records
Hypotheticals,Fran Vasilić,Hypotheticals,2022-10-28,0,true,2024-07-16T13:55:52Z,,Musique_du_dimanche | My_Top_2023 | Therapy,non,0.592,0.315,0.368,0.706,0,0.0365,77.522,-12.866,the garden project.
I Gave It All,Aquilo,Silhouettes,2017-01-27,43,false,2024-01-04T15:49:22Z,,,oui,0.467,0.421,0.118,0.576,0.000277,0.0399,119.945,-10.999,Universal-Island Records Ltd.
i wish u knew,vaultboy,i wish u knew,2022-09-23,55,false,2023-12-26T16:26:27Z,,Therapy,non,0.634,0.149,0.256,0.827,0,0.0296,92.962,-9.349,Fast Friends
Jimmy,Tones And I,The Kids Are Coming,2019-08-29,35,false,2024-01-04T15:49:22Z,,,oui,0.592,0.464,0.182,0.473,0.00000113,0.0346,68.11,-5.956,Elektra (NEK)
La symphonie des éclairs,Zaho de Sagazan,La symphonie des éclairs,2023-03-31,67,false,2024-02-12T20:13:21Z,"pop française,chanson,variété française",A&P,non,0.466,0.285,0.237,0.769,0,0.0485,99.93,-10.827,Disparate / Virgin Records Distribution Deal
Le garçon du quartier,Nabil Harlow,Cœur élégant,2024-03-01,3,true,2024-05-12T11:48:08Z,,J&P | Soirée_Parisienne,non,0.591,0.51,0.125,0.856,0,0.0725,80.1,-7.766,Manderley
Location - Recorded at Spotify Studios NYC,AJR,Spotify Singles,2017-08-02,0,false,2025-02-18T08:47:10Z,,Taff,non,0.566,0.261,0.477,0.863,0,0.0375,97.595,-8.801,AJR Productions
Lose It,Oh Wonder,Oh Wonder,2015-09-04,63,false,2024-01-04T15:49:22Z,,,oui,0.52,0.329,0.171,0.725,0.0000131,0.0381,87.857,-9.337,Oh Wonder
Lucerne,Richy Mitch & The Coal Miners,RMCM,2017-05-17,58,false,2023-12-26T16:23:56Z,,Electical_Wood | Favs | Musique_du_dimanche | My_Top_2023,non,0.42,0.573,0.197,0.91,0.0014,0.0256,97.196,-6.086,Richy Mitch & The Coal Miners
Là je suis saoule,Clio,Carambolages,2023,0,false,2024-04-02T21:34:34Z,"pop française indie,pop française",A&P,oui,0.579,0.292,0.285,0.926,0.00000208,0.0414,119.619,-9.281,uGo&Play
Lève-toi,Barbara Pravi;Emel,Lève-toi,2023-03-08,46,false,2023-12-26T16:26:18Z,"chanson,pop française",Soirée_Parisienne,non,0.317,0.437,0.347,0.687,0,0.0832,74.041,-9.298,Universal Music Division Virgin Records
Maybe Man,AJR,The Maybe Man,2023-11-10,59,true,2025-02-18T08:47:10Z,,Taff,non,0.473,0.467,0.347,0.632,0,0.0405,143.948,-6.127,Mercury Records / Republic Records
Non non rien n'a changé,Les Poppys,French Hits,2020-09-11,32,false,2024-01-04T15:49:22Z,"chanson,variété française",,oui,0.504,0.481,0.466,0.481,0,0.0882,83.796,-7.685,UME - Global Clearing House
Normal,AJR,The Click (Deluxe Edition),2018-09-21,0,false,2025-02-18T08:47:10Z,,Taff,non,0.588,0.337,0.317,0.923,0.00000263,0.0321,95.981,-9.829,AJR Productions
Oh Ms Believer,Twenty One Pilots,Twenty One Pilots,2009-12-29,0,false,2025-02-18T08:47:34Z,,Taff,non,0.501,0.328,0.263,0.612,0,0.0255,73.326,-8.329,Twenty One Pilots
Omega (feat. Ralphie Choo),ROSALÍA;Ralphie Choo,Omega (feat. Ralphie Choo),2024-09-24,58,false,2024-12-03T17:18:28Z,latino,,oui,0.523,0.409,0.477,0.664,0,0.0373,91.441,-5.636,Columbia
Oscar Winning Tears.,RAYE,My 21st Century Blues,2023-02-03,76,true,2025-02-08T22:30:41Z,,,oui,0.522,0.42,0.326,0.448,0,0.0997,141.693,-6.805,Human Re Sources
Outrunning Karma,Alec Benjamin,Narrated For You,2018-11-16,66,false,2023-12-26T16:23:54Z,,Ballad,non,0.416,0.649,0.474,0.655,0.00000282,0.0385,112.482,-5.271,2018
Perfectly Broken,BANNERS,Perfectly Broken,2022-09-30,43,false,2023-12-26T16:26:11Z,,Sadness,non,0.638,0.324,0.257,0.865,0,0.027,144.056,-8.57,Nettwerk Music Group
Pompeii MMXXIII,Bastille;Hans Zimmer,Pompeii MMXXIII,2023-09-01,55,false,2024-01-04T15:49:22Z,"b.o.,bande originale",,oui,0.384,0.438,0.0884,0.379,0,0.0307,100.027,-7.887,EMI
Sailing Soul, Icare Sandilas,First EP,2017-01-20,0,false,2024-03-26T20:40:15Z,,,oui,0.557,0.522,0.149,0.602,0.19,0.0364,104.962,-7.895,Rouge Neon Records
Saint Bernard,Lincoln,Saint Bernard,2020-09-18,0,false,2023-12-26T16:23:56Z,midwest emo,Electical_Wood | My_Top_2023,non,0.695,0.232,0.451,0.825,0,0.0972,100.488,-11.01,I Surrender Records
Saint Bernard,Lincoln,Saint Bernard,2020-09-18,61,false,2025-08-19T11:14:41Z,midwest emo,,oui,0.695,0.232,0.451,0.825,0,0.0972,100.488,-11.01,Epitaph
Santa Claus Is Coming to Town,Michael Bublé,Christmas (Deluxe Special Edition),2012-11-09,1,false,2023-12-26T16:26:08Z,noel,Noël,non,0.594,0.389,0.396,0.785,0,0.0517,122.331,-7.109,143/Reprise
"Sexo, Violencia y Llantas",ROSALÍA,LUX,2025-11-07,74,false,2025-11-20T14:08:40Z,latino,,oui,0.323,0.11,0.153,0.954,0.0000155,0.0429,80.059,-12.144,Columbia
Skipping Stones,Dan Reynolds;Hans Zimmer,Skipping Stones,2018-06-22,43,false,2025-02-18T08:47:23Z,"b.o.,bande originale",Taff,non,0.51,0.422,0.25,0.806,0.00000322,0.0259,86.016,-8.964,Kid Ina Korner / Interscope
Someone You Loved,Lewis Capaldi,Divinely Uninspired To A Hellish Extent,2019-05-17,88,false,2023-12-26T16:26:11Z,soft pop,Sadness,non,0.501,0.405,0.446,0.751,0,0.0319,109.891,-5.679,Vertigo Berlin
Survivor,Tim Halperin,Covers,2019-04-19,37,false,2024-01-04T15:49:22Z,,,oui,0.549,0.383,0.272,0.606,0,0.0295,117.898,-9.491,FRTYFVE
The Trick,AJR,OK ORCHESTRA,2021-03-26,0,false,2025-02-18T08:47:10Z,,Taff,non,0.566,0.354,0.346,0.677,0.0000024,0.0276,90.109,-8.49,S-Curve Records
Tied,Imagine Dragons,Mercury - Acts 1 & 2,2022-07-01,47,false,2025-02-18T08:47:23Z,,Taff,non,0.427,0.298,0.117,0.265,0,0.0278,110.599,-8.344,Kid Ina Korner / Interscope
Tortured Soul,Chord Overstreet,Tree House Tapes,2017-05-12,49,false,2024-01-04T15:49:22Z,,Sadness,oui,0.55,0.499,0.144,0.472,0.00000226,0.0338,86.966,-9.502,Safehouse Records / Island Records
"Total Eclipse of the Heart (feat. Kiernan Shipka, Ross Lynch, Jaz Sinclair & Lachlan Watson)",Cast of Chilling Adventures of Sabrina;Jaz Sinclair;Kiernan Shipka;Lachlan Watson;Ross Lynch,Chilling Adventures of Sabrina: Pt. 4 (Original Television Soundtrack),2021-01-01,37,false,2023-12-26T16:24:45Z,,Movie_night,non,0.696,0.446,0.261,0.818,0,0.0317,130.028,-6.387,WaterTower Music
Tout l'univers,Gjon's Tears,Tout l'univers,2021-03-10,43,false,2023-12-26T16:24:07Z,,Eurovision,non,0.524,0.371,0.191,0.83,0.00000204,0.0332,123.461,-9.068,Jo&Co
Turning Out Pt. ii,AJR,Neotheater,2019-04-26,35,true,2024-04-28T11:51:25Z,,Sadness,non,0.431,0.19,0.128,0.859,0,0.0371,76.925,-9.362,Black Butter
Turning Out Pt. ii,AJR,Neotheater,2019-04-26,0,true,2025-02-18T08:47:10Z,,Taff,non,0.431,0.19,0.128,0.859,0,0.0371,76.925,-9.362,BMG Rights Management (US) LLC
Until I Found You,Stephen Sanchez,Until I Found You,2021-09-01,79,false,2023-12-26T16:24:31Z,,L_&_P | Love,non,0.539,0.508,0.227,0.727,0,0.0288,101.358,-6.05,Republic Records
Vivo Tango,Maxime Rodriguez,"Symphonie sur glace, vol. 2 (Musique pour patinage artistique)",2014,35,false,2025-08-23T20:36:31Z,tango,,oui,0.417,0.446,0.566,0.492,0.123,0.0675,125.974,-8.701,Ascot Music
Voilà,Barbara Pravi,Voilà,2020-11-06,69,false,2023-12-26T16:24:07Z,"chanson,pop française",Eurovision,non,0.447,0.337,0.603,0.773,0,0.0631,135.379,-8.665,Universal Music Division Virgin Records
Where's My Love,SYML,SYML,2019-05-03,79,false,2024-02-08T17:04:56Z,,Musique_du_dimanche,oui,0.604,0.36,0.37,0.868,0.0343,0.0253,103.985,-10.109,Nettwerk Music Group
Yo Quisiera,Alice Wonder,Yo Quisiera,2022-12-19,31,false,2023-12-26T16:24:07Z,,Eurovision | My_Top_2023,non,0.331,0.391,0.164,0.632,0.0000121,0.0782,88.678,-10.686,Infarto Producciones
You Don't Own Me,Lesley Gore,Lesley Gore Sings Of Mixed-Up Hearts,1963-11-01,71,false,2025-06-01T21:54:02Z,,,oui,0.473,0.434,0.711,0.701,0,0.0257,94.814,-10.02,Mercury Records
You're Somebody Else,flora cash,You're Somebody Else,2018-06-19,68,false,2023-12-26T16:26:11Z,,Sadness,non,0.713,0.452,0.235,0.841,0.0038,0.0295,102.963,-9.638,Bee & El/RCA Records
"Britten: The Young Person's Guide to the Orchestra, Op. 34 ""Variations and Fugue on a Theme of Purcell"" (Instrumental Version)",Benjamin Britten;Royal Philharmonic Orchestra;Robin Stapleton,Last Night of the Proms,2007-08-03,41,false,2024-01-04T15:49:22Z,"classique,opéra,néo-classique,baroque,chant choral,expressionnisme,orchestre symphonique",,oui,0.218,0.117,0.0599,0.94,0.861,0.0489,77.009,-18.585,Warner Classics
Chillin',Finesse,Chillin',2020-05-12,6,false,2023-12-26T16:26:06Z,"beats jazz,lo-fi",No_talk,non,0.677,0.296,0.449,0.904,0.923,0.0614,136.106,-14.682,VinDig
Cleopatra's Dream,bohemianvoodoo,Aromatic,2014-11-19,51,false,2026-05-05T15:25:27Z,"jazz fusion,math rock",,oui,0.453,0.88,0.963,0.638,0.935,0.0438,120.437,-7.682,Playwright
Con Nuestro Corazón A Paco De Lucía - Rumba,Juan Habichuela Nieto;Carles Benavent;Jorge Pardo,Sentimientos De Mi Ser,2017-09-29,18,false,2023-12-26T16:26:06Z,"flamenco,villancicos,pop flamenco,jazz latino,jazz fusion",No_talk,non,0.746,0.881,0.928,0.731,0.784,0.0337,112.002,-6.045,Universal Music Spain S.L.
le manège,November Ultra,bedroom walls,2022-04-09,35,false,2023-12-26T16:26:11Z,,Sadness,non,0.404,0.301,0.0394,0.747,0.694,0.0337,81.293,-12.739,Universal Music Division Virgin Records
Life's Incredible Again,Michael Giacchino,The Incredibles (Original Motion Picture Soundtrack),2004-11-02,56,false,2023-12-26T16:24:45Z,"b.o.,bande originale",Movie_night | Wakey_wakey,non,0.587,0.495,0.759,0.687,0.725,0.035,120.017,-9.204,Walt Disney Records
Panoramic View,AWOLNATION,The Phantom Five,2024-08-30,49,false,2025-02-19T10:47:46Z,,,oui,0.577,0.553,0.295,0.712,0.769,0.0308,130.003,-7.884,Two Twenty Five Music
PSX Ensamble,Varra,Varra II,2017-12-25,34,false,2026-05-05T15:25:20Z,"jazz fusion,math rock",,oui,0.444,0.671,0.562,0.184,0.804,0.0383,112.983,-11.566,Varra
Rush E,Sheet Music Boss,Rush Collection,2020-12-23,59,false,2023-12-26T16:26:06Z,,No_talk,non,0.376,0.812,0.952,0.68,0.927,0.0365,80.305,-8.16,Sheet Music Boss
Something Good,alt-J,An Awesome Wave,2012-05-28,67,false,1970-01-01T00:00:00Z,"indie,indie rock",Daily_Mix_1,non,0.679,0.588,0.521,0.728,0.498,0.0296,108.991,-10.353,Infectious Music
Son of Nyx,Hozier,Unreal Unearth: Unaired,2024-08-19,36,false,2025-05-16T09:44:21Z,,,oui,0.132,0.346,0.0375,0.792,0.916,0.0328,60.744,-11.493,Rubyworks / Universal-Island Records Ltd
Summer Rain,Zimmer90,Summer Rain,2023-07-21,0,false,2023-12-26T17:58:00Z,,A&P | Ballad,non,0.793,0.448,0.923,0.77,0.801,0.0279,108.021,-7.509,Zimmer90
Una Rosa Blanca,Ibrahim Maalouf;Harold López-Nussa,S3NS,2019-09-27,47,false,2024-01-04T15:49:22Z,"jazz français,jazz,jazz latino,jazz afro-cubain",,oui,0.463,0.672,0.522,0.728,0.743,0.0498,74.916,-6.071,Mister Ibé
BRAINROT,grandson,INERTIA,2025-09-05,53,true,1970-01-01T00:00:00Z,,Daily_Mix_3,non,0.489,0.863,0.56,0.0129,0.0000792,0.308,184.042,-5.602,grandson
Brighter Than the Sun,Brick + Mortar,Dropped,2015-07-17,53,false,1970-01-01T00:00:00Z,,Daily_Mix_3,non,0.463,0.912,0.346,0.0702,0.0153,0.24,165.07,-5.008,"Brick + Mortar, LLC"
Burn Your Village,Kiki Rockwell,Rituals On The Bank Of A Familiar River,2023-06-08,63,true,2024-07-02T15:16:24Z,,Musique_du_dimanche,oui,0.443,0.534,0.216,0.463,0.124,0.337,179.87,-10.959,Universal Music New Zealand Limited
Carbonado,Juste Shani,Diamant Noir,2025-01-17,25,false,2025-01-27T18:51:33Z,rap français,,oui,0.795,0.548,0.497,0.433,0,0.342,134.014,-9.936,Groover Obsessions
Cutthroat,Imagine Dragons,Mercury - Act 1,2021-09-03,0,false,2025-02-18T08:47:23Z,,Taff,non,0.668,0.626,0.679,0.0833,0.0116,0.315,165.926,-5.278,Kid Ina Korner / Interscope
Cutthroat,Imagine Dragons,Follow You / Cutthroat,2021-03-12,45,false,2025-02-18T08:47:23Z,,Taff,non,0.66,0.625,0.686,0.0829,0.0145,0.324,166.284,-5.277,KIDinaKORNER/Interscope Records
Dada,Yann,Dada,2024-04-05,19,true,2024-04-05T16:20:27Z,pop française,,oui,0.735,0.828,0.409,0.00223,0.0000482,0.243,164.023,-7.392,KCDQ & LGD
Dope,BTS,The Most Beautiful Moment in Life Pt.1,2015-04-29,73,false,2023-12-26T16:24:04Z,k-pop,E_&_P,non,0.595,0.89,0.62,0.0486,0,0.245,154.071,-3.109,BIGHIT MUSIC
Désolée,Colt,Saveur coeur abîmé,2025-06-06,42,false,2026-01-15T23:23:21Z,pop française,,oui,0.755,0.623,0.338,0.111,0.000015,0.255,166.006,-7.419,GASPARD
Easier,5 Seconds of Summer,CALM,2020-03-27,70,false,2023-12-26T16:24:04Z,,E_&_P,non,0.562,0.46,0.623,0.476,0,0.259,176.055,-4.173,5 Seconds Of Summer/Interscope
Freak (feat. REI AMI),Sub Urban;REI AMI,Thrill Seeker,2020-03-13,70,false,2023-12-26T16:24:15Z,,Freak,non,0.619,0.45,0.41,0.433,0,0.515,179.755,-11.965,Warner Records
Godzilla (feat. Juice WRLD),Eminem;Juice WRLD,Music To Be Murdered By,2020-01-17,82,true,2023-12-26T16:23:30Z,"rap,hip-hop,rap mélodique,rap emo",ANTI,non,0.808,0.745,0.829,0.145,0,0.342,165.995,-5.26,Shady/Aftermath/Interscope Records
It's Goin' Down,Dove Cameron;Sofia Carson;Cameron Boyce;Booboo Stewart;China Anne McClain;Mitchell Hope;Thomas Doherty;Dylan Playfair;Disney,Descendants 2 (Original TV Movie Soundtrack),2017-07-21,67,false,2023-12-26T16:24:45Z,,Movie_night,non,0.478,0.851,0.575,0.0848,0,0.377,155.856,-5.936,Walt Disney Records
Jordan,Complete,Death Rattle,2019-09-27,54,true,2023-12-26T16:23:27Z,drill australienne,Anger,non,0.766,0.699,0.34,0.593,0,0.448,125.918,-7.044,The Ayems
Killing Butterflies,Lou Bliss,Killing Butterflies,2019-08-28,63,false,2024-01-04T15:49:22Z,,,oui,0.592,0.783,0.498,0.34,0.0216,0.251,143.952,-5.291,Atlantic Records UK
Le rapport du matin,Michel Prudhomme;Mathias Mella,The Lion King: Special Edition Original Soundtrack (French Version),2003-01-01,44,false,2023-12-26T16:24:45Z,,Movie_night,non,0.521,0.532,0.878,0.57,0,0.264,152.304,-8.836,Disney Records (Europe)
Light Switch,Charlie Puth,CHARLIE,2022-10-06,75,false,2024-01-04T15:49:22Z,soft pop,,oui,0.689,0.627,0.905,0.105,0.000321,0.308,184.008,-5.692,Atlantic Records
LLYLM,ROSALÍA,LLYLM,2023-01-27,64,false,2023-12-26T16:26:04Z,latino,My_Top_2023 | Spanish,non,0.555,0.634,0.555,0.129,0.00000232,0.273,170.228,-5.522,Columbia
Nightclub,Dani Terreur;St Graal,Nightclub,2023-12-08,33,false,2024-05-29T16:37:08Z,"pop française indie,pop française",,oui,0.437,0.761,0.636,0.0382,0.000048,0.371,156.845,-4.922,FY Services
Paper Planes,M.I.A.,Kala,2007-08-20,81,false,2024-01-04T15:49:22Z,,,oui,0.447,0.848,0.485,0.033,0.0000746,0.222,172.253,-6.175,XL Recordings
Play Dead,Tom Walker,Play Dead,2016-09-30,42,false,2024-01-04T15:49:22Z,,,oui,0.603,0.724,0.341,0.128,0,0.213,146.118,-5.343,Relentless Records
Roots,Imagine Dragons,Roots,2015-08-27,64,false,2025-02-18T08:47:23Z,,Taff,non,0.637,0.887,0.596,0.707,0.00188,0.227,157.759,-5.444,Kid Ina Korner / Interscope
Sick Thoughts,Lou Bliss,Sick Thoughts,2019-05-14,48,true,2023-12-26T16:23:30Z,,ANTI,non,0.609,0.675,0.201,0.38,0.00981,0.455,183.974,-7.494,Atlantic Records UK
Single Ladies (Put a Ring on It),Beyoncé,I AM...SASHA FIERCE,2008-11-17,69,false,2023-12-26T16:02:49Z,,Anniversaire_Stéph_,non,0.426,0.584,0.272,0.0383,0,0.296,193.437,-5.293,Music World Music/Columbia
Survivor,Destiny's Child,Survivor,2001-05-01,71,false,2023-12-26T16:02:49Z,,Anniversaire_Stéph_,non,0.514,0.911,0.619,0.0559,0,0.41,161.109,-2.027,Columbia
The Spark,Kabin Crew;Lisdoonvarna Crew,The Spark,2024-06-13,66,false,2024-07-01T08:01:02Z,,,oui,0.841,0.864,0.647,0.0531,0.00000575,0.237,173.931,-4.437,Rubyworks Ltd. / 95
The World Is a Marble Heart,AJR,Living Room,2015-03-03,0,false,2025-02-18T08:47:10Z,,Taff,non,0.472,0.918,0.404,0.00636,0,0.377,169.893,-3.455,AJR Productions/Warner Records
Therapy,Andrew Garfield;Vanessa Hudgens,"tick, tick... BOOM! (Soundtrack from the Netflix Film)",2021-11-12,59,false,2024-01-04T15:49:22Z,comédies musicales,,oui,0.554,0.593,0.618,0.207,0,0.215,147.743,-5.492,Masterworks
What I Want,Gregor McMurray,What I Want,2024-02-28,58,false,2024-05-01T20:53:50Z,,,oui,0.651,0.77,0.415,0.0053,0.000162,0.32,125.094,-3.701,VOID Creative Group
Where The Silence Goes,LEAP,One Million Pieces,2022-06-03,59,false,1970-01-01T00:00:00Z,,Daily_Mix_3,non,0.465,0.911,0.404,0.00275,0.226,0.229,169.921,-6.991,Epitaph
Youngblood,5 Seconds of Summer,Youngblood (Deluxe),2018-06-15,83,false,2023-12-26T16:24:04Z,,E_&_P,non,0.597,0.854,0.152,0.0169,0,0.463,120.276,-5.114,Capitol
A Palé,ROSALÍA,A Palé,2019-11-07,57,false,2023-12-26T16:24:21Z,latino,Latino,non,0.63,0.409,0.332,0.119,0.629,0.0903,122.848,-8.83,Columbia
Baianá,Bakermat,The Ringmaster,2020-10-09,75,false,2023-12-26T16:24:12Z,tropical house,Feel_good,non,0.587,0.722,0.466,0.000754,0.668,0.0709,121.964,-6.983,Columbia/B1 Recordings
Calvin,Miel De Montagne,Calvin,2022-12-16,34,false,2023-12-26T17:58:00Z,"pop française indie,pop française,house française",A&P | Soirée_Parisienne,non,0.803,0.532,0.572,0.00808,0.426,0.0419,123.985,-8.722,R&D/Délicieuse Records
Don't Get In My Way,Zack Hemsey,Ronin,2013-04-30,51,false,2024-01-04T15:49:22Z,,,oui,0.649,0.738,0.165,0.237,0.95,0.0395,87.988,-6.181,Trees Of Earth LLC
Freaks,The Hawk In Paris,Freaks,2013-10-29,40,false,2023-12-26T16:24:15Z,,Freak,non,0.653,0.791,0.821,0.0000833,0.633,0.0642,132.956,-5.038,Birds of Prey Records
I Remember,Cult Of Luna,The Raging River,2021-02-05,17,false,2023-12-26T16:24:04Z,"sludge metal,post-rock,drone metal,stoner metal,doom metal,metal progressif,drone",E_&_P,non,0.45,0.862,0.108,0.0000181,0.861,0.0549,120.022,-7.21,Red Creek
I'm a Man,Black Strobe,Burn Your Own Church,2007-06-25,54,false,2024-01-04T15:49:22Z,électroclash,,oui,0.73,0.804,0.815,0.00224,0.719,0.17,129.992,-7.598,Playlouderecordings
Insomnia,Bachar Mar-Khalifé,On / Off,2020-10-23,25,false,2024-05-16T18:13:18Z,,,oui,0.463,0.821,0.317,0.177,0.634,0.0384,136.003,-9.464,Balcoon
Intoxicated - Slowed,Doruksen,Intoxicated (Slowed),2024-05-16,62,false,2026-03-15T19:10:23Z,"hard techno,acid techno,techno,tekno,techno hardcore",,oui,0.692,0.907,0.326,0.00685,0.818,0.0539,123.016,-5.54,NOSS Label
J'espère (pas),James Baker,J'espère (pas),2025-09-03,26,false,2025-09-08T15:05:44Z,"pop française,pop française indie",,oui,0.662,0.786,0.429,0.111,0.441,0.0834,169.968,-6.619,Elletize Records
Kinky,The Exotic,Kinky,2018-12-03,0,false,2024-04-16T08:48:12Z,,Périph,non,0.58,0.717,0.297,0.00805,0.576,0.112,122.957,-6.958,The Exotic
Low Rider,War,Why Can't We Be Friends?,1975-01-01,75,false,2025-11-29T11:49:05Z,,,oui,0.812,0.644,0.989,0.0877,0.785,0.0493,140.075,-10.761,Avenue Records
Mama's Boy,Dominic Fike,Sunburn,2023-07-07,77,false,2026-05-06T12:32:16Z,,,oui,0.807,0.354,0.602,0.15,0.713,0.0321,78.964,-7.554,Columbia
Megalomaniac,KMFDM,Symbols,1997,69,false,2026-02-16T10:40:52Z,"musique industrielle,metal industriel,rock industriel,ebm",,oui,0.626,0.974,0.458,0.000196,0.666,0.0585,128.019,-5.31,Metropolis Records
Mona Lisa,Rayelle,Mona Lisa,2018-07-20,59,false,2025-06-23T08:15:59Z,,,oui,0.824,0.907,0.958,0.555,0.628,0.0295,127.022,-3.957,Endurance Music Group
My Ordinary Life,The Living Tombstone,My Ordinary Life,2017-11-23,74,false,2024-01-04T15:49:22Z,,,oui,0.675,0.66,0.577,0.0197,0.352,0.0648,175.954,-8.906,Ghost Pixel
Need You Tonight,INXS,Kick (Remastered 2011),1987,74,false,2023-12-26T16:02:49Z,,Anniversaire_Stéph_,non,0.795,0.63,0.785,0.0419,0.573,0.084,108.701,-7.217,Universal Music Australia Pty. Ltd.
Oblivion,Grimes,Visions,2012-02-21,72,false,2024-01-04T15:49:22Z,art pop,,oui,0.697,0.529,0.486,0.115,0.896,0.0338,155.974,-8.838,4AD
Overture,AJR,Living Room,2015-03-03,0,false,2025-02-18T08:47:10Z,,Taff,non,0.605,0.788,0.435,0.0297,0.418,0.05,103.002,-5.902,AJR Productions/Warner Records
Palladio,Leblanc,Palladio,2023-07-07,40,false,2024-02-10T19:33:54Z,"techno mélodique,musique classique électronique",,oui,0.799,0.882,0.208,0.248,0.887,0.0435,122.998,-10.086,Leblanc
Permis b bébé,Miel De Montagne,Miel de Montagne,2019-04-05,50,false,2023-12-26T17:58:00Z,"pop française indie,pop française,house française",A&P | Soirée_Parisienne,non,0.922,0.521,0.463,0.12,0.589,0.04,118.002,-8.868,Pain Surprises & Délicieuse Records
Quiero Que Tú Quieras,Mula,Aguas,2017-03-11,35,false,2023-12-26T16:24:21Z,"indie latino,electrocumbia,musique alternative latino",Latino,non,0.669,0.691,0.412,0.365,0.449,0.0671,165.019,-11.143,Pulcra Records
Reptilia,The Strokes,Room On Fire,2003-10-28,80,false,1970-01-01T00:00:00Z,"garage rock,indie rock,rock alternatif",Daily_Mix_1,non,0.489,0.649,0.77,0.000603,0.713,0.0336,158.009,-5.11,RCA Records Label
Ride On Time - Originally Performed by Black Box,The 80's Allstars,40 - Worlds Greatest 80's Groove Hits - the only 80's Groove album you'll ever need,2010-08-23,1,false,2023-12-26T16:02:49Z,,Anniversaire_Stéph_,non,0.658,0.805,0.739,0.00292,0.435,0.043,118.609,-10.46,Lushgroove
Satan Was A Babyboomer,Brutalismus 3000,Satan Was A Babyboomer,2021-04-16,59,false,2024-08-24T08:20:40Z,"techno,hard techno,tekno,gabber,acid techno",Périph,non,0.628,0.999,0.439,0.000297,0.854,0.0762,155.013,-6.841,Durch
Seven Nation Army - The Glitch Mob Remix,The White Stripes;The Glitch Mob,Seven Nation Army (The Glitch Mob Remix),2021-04-23,64,false,2025-01-03T18:19:23Z,"garage rock,blues rock,rock,rock alternatif,glitch,dubstep",Matrix,non,0.701,0.844,0.198,0.152,0.626,0.133,120.04,-6.629,Third Man Records/Legacy
Spliff,Bilderbuch,SCHICK SCHOCK,2015-02-27,35,false,2024-01-04T15:49:22Z,"indie allemande,pop allemande indie,pop allemande",My_Top_2023,oui,0.712,0.489,0.792,0.00798,0.578,0.119,169.952,-9.173,recordJet
Sweet Dreams (Are Made Of This),Marilyn Manson,Smells Like Children,1995-01-01,73,false,2023-12-26T16:02:49Z,"metal industriel,rock industriel,musique industrielle,metal,nu metal",Anniversaire_Stéph_,non,0.392,0.642,0.129,0.0048,0.486,0.0326,92.698,-5.267,Marilyn Manson / Interscope
The Diva Dance,Éric Serra;Inva Mula,Le cinquième élément (Original Motion Picture Soundtrack),1997-05-07,50,false,2026-03-16T18:19:05Z,"opéra,impressionnisme",,oui,0.72,0.757,0.68,0.051,0.378,0.0926,120.113,-8.044,Universal Music Division Polydor France
Three Bridges,Cult Of Luna,The Raging River,2021-02-05,20,false,2023-12-26T16:24:04Z,"sludge metal,post-rock,drone metal,stoner metal,doom metal,metal progressif,drone",E_&_P,non,0.45,0.939,0.267,0.00007,0.764,0.0562,125.98,-7.152,Red Creek
Violin Sonata No13,Majes,Violin Sonata No13,2024-02-27,53,false,2024-07-08T14:09:46Z,"hard techno,techno,tekno",,oui,0.599,0.889,0.0743,0.021,0.769,0.0483,148.143,-5.616,Impact Techno
Vivaldi,Claudinho Brasil;Reverence,Vivaldi,2022-08-05,46,false,2024-07-24T13:17:39Z,"psytrance,électronique,trance,trance progressive",,oui,0.421,0.926,0.352,0.0000259,0.733,0.0408,159.982,-6.34,Poptrance Records
WARNING - Sped Up,MC ORSEN,WARNING (Sped Up),2022-08-05,61,true,2025-03-11T14:45:11Z,"phonk,drift phonk",Périph,oui,0.768,0.858,0.522,0.0144,0.861,0.0767,143.56,-4.629,MC ORSEN
Wave After Wave,Cult Of Luna,The Raging River,2021-02-05,17,false,2023-12-26T16:24:04Z,"sludge metal,post-rock,drone metal,stoner metal,doom metal,metal progressif,drone",E_&_P,non,0.0991,0.718,0.0853,0.00000541,0.825,0.0383,89.41,-7.283,Red Creek
What I Leave Behind,Cult Of Luna,The Raging River,2021-02-05,20,false,2023-12-26T16:24:04Z,"sludge metal,post-rock,drone metal,stoner metal,doom metal,metal progressif,drone",E_&_P,non,0.404,0.961,0.119,0.00000675,0.814,0.0601,113.035,-6.939,Red Creek
Withdrawal,Max Frost,Withdrawal,2015-09-04,52,false,1970-01-01T00:00:00Z,,Daily_Mix_3,non,0.61,0.856,0.726,0.161,0.887,0.109,152.001,-3.812,Atlantic Records
Woman Woman,AWOLNATION,Run,2015-03-17,50,false,2025-08-01T15:23:39Z,,,oui,0.667,0.678,0.446,0.12,0.357,0.0254,100.007,-4.97,Red Bull Records
A Rap For Pi Day (3.14),MC Hammersmith,Mic Drop Mondays Volume 1,2024-11-01,4,false,2026-03-16T16:10:41Z,,,oui,0.855,0.788,0.558,0.131,0,0.3,107.225,-4.816,MC Hammersmith
Ali Ali,Diorange;A.R. Rahman;Nooran Sisters,Ali Ali,2023-05-26,51,false,2023-12-26T18:18:28Z,"pop tamil,kollywood,bollywood,sufi,pop hindi,qawwali",Périph,non,0.709,0.864,0.48,0.0123,0.0293,0.276,135.111,-6.033,Universal Music AB
Backslide,Twenty One Pilots,Clancy,2024-05-24,68,false,2025-02-18T08:47:34Z,,Taff,non,0.684,0.652,0.541,0.128,0,0.26,85.104,-6.258,Fueled By Ramen
Bad,Farveblind;KillASon,Boxes,2019-01-11,28,false,2023-12-26T16:23:30Z,ballroom/voguing,ANTI,non,0.803,0.934,0.568,0.0528,0.00678,0.198,132.051,-3.615,Mermaid Records
Bangarang (feat. Sirah),Skrillex;Sirah,Bangarang EP,2011-12-27,73,true,2025-01-03T18:20:31Z,"dubstep,edm,électro,électronique",Matrix,non,0.716,0.972,0.576,0.0145,0.0000322,0.196,110.026,-2.302,Big Beat Records/Atlantic
Believer (feat. Lil Wayne),Imagine Dragons;Lil Wayne,Believer (feat. Lil Wayne),2019-01-07,63,false,2025-02-18T08:47:23Z,"rap,hip-hop",Taff,non,0.487,0.838,0.762,0.058,0,0.255,93.701,-4.319,Kid Ina Korner / Interscope
Bitch I Operate,Mbest11x,Bitch I Operate,2016-03-29,24,true,2023-12-26T16:23:30Z,hip-hop country,ANTI,non,0.628,0.847,0.631,0.227,0,0.202,99.915,-6.37,MBest11x
Confess,Piche,Confess,2023-07-08,32,true,2024-05-12T11:46:47Z,,J&P | Soirée_Parisienne,non,0.918,0.575,0.486,0.156,0.0531,0.252,103,-8.31,iMusician | mike gautiet
Crazy In Love (feat. JAY-Z),Beyoncé;JAŸ-Z,Dangerously In Love,2003-06-24,80,false,2023-12-26T16:02:49Z,"hip-hop,hip-hop east coast,rap",Anniversaire_Stéph_,non,0.646,0.77,0.681,0.00249,0,0.226,99.165,-6.596,Columbia
DENIAL IS A RIVER,Doechii,Alligator Bites Never Heal,2024-08-30,79,true,2025-02-11T17:15:18Z,,,oui,0.825,0.644,0.622,0.0905,0,0.33,93.292,-3.24,Top Dawg Entertainment/Capitol Records
Drones,grandson,"I Love You, I’m Trying",2023-05-05,45,true,2023-12-26T16:26:04Z,,My_Top_2023,non,0.586,0.822,0.587,0.0396,0.00000174,0.269,126.127,-5.721,Fueled By Ramen
Enemy (with JID) - from the series Arcane League of Legends,Imagine Dragons;JID;Arcane;League of Legends,Enemy (with JID) [from the series Arcane League of Legends],2021-10-28,76,false,2025-02-18T08:47:23Z,bande originale,Taff,non,0.728,0.783,0.555,0.237,0,0.266,77.011,-4.424,KIDinaKORNER/Interscope Records
Enemy - From the series Arcane League of Legends,Imagine Dragons;Arcane;League of Legends,Enemy (from the series Arcane League of Legends),2021-10-27,72,false,2025-02-18T08:47:23Z,bande originale,Taff,non,0.722,0.745,0.52,0.247,0,0.256,77.029,-4.164,KIDinaKORNER/Interscope Records
Enjoy Yourself,A+,Hempstead High,1999-01-01,40,false,2024-11-27T17:50:07Z,,Anniversaire_Stéph_,non,0.71,0.87,0.754,0.0125,0,0.29,101.269,-6.5,Kedar
Est-ce que tu penses à moi?,Yann;Magenta Club,Est-ce que tu penses à moi? / Toujours,2024-12-20,34,true,2026-01-27T11:02:55Z,"pop française,pop française indie,house française",,oui,0.711,0.65,0.599,0.00389,0.000173,0.2,116.036,-6.941,DADA PRODUCTION
Fix,Blackstreet,Another Level,1996-09-09,45,false,2023-12-26T16:02:49Z,new jack swing,Anniversaire_Stéph_,non,0.847,0.598,0.783,0.106,0,0.265,92.245,-2.862,Interscope
Ghost,Confetti,Ghost,2019-10-18,66,true,2024-01-04T15:49:22Z,,,oui,0.731,0.675,0.715,0.0029,0.000617,0.27,84.942,-5.069,CloudKid
Hey Now,Barry Moore,Hey Now,2019-02-06,30,false,2024-01-04T15:49:22Z,,,oui,0.791,0.712,0.696,0.0512,0,0.298,90.093,-5.536,Columbia
Hrvatica Baby! (Le Filip),The Cast of Drag Race France,Hrvatica Baby! (Le Filip),2024-07-20,25,false,2024-10-18T17:30:54Z,,J&P,oui,0.708,0.872,0.794,0.0464,0,0.19,130.054,-6.589,World of Wonder Records
Human,Rag'n'Bone Man,Human (Deluxe),2017-02-10,81,false,2023-12-26T16:02:49Z,,Anniversaire_Stéph_,non,0.602,0.707,0.554,0.393,0,0.302,75.087,-4.097,Best Laid Plans/Columbia
Hurt Somebody,Noah Kahan;Julia Michaels,Busyhead,2019-06-14,68,false,2024-01-04T15:49:22Z,,,oui,0.638,0.51,0.448,0.344,0,0.305,114.576,-6.485,Republic Records
I Don't Feel Hate,Jendrik,I Don't Feel Hate,2021-05-14,35,false,2023-12-26T16:24:12Z,,Feel_good,non,0.827,0.837,0.752,0.19,0.00000972,0.214,113.889,-5.322,Polydor
I Know Where the Bodies Are Buried,Adam Jensen,I Know Where the Bodies Are Buried,2019-05-23,26,true,2024-01-04T15:49:22Z,,,oui,0.709,0.759,0.661,0.0106,0.000704,0.181,140.074,-6.266,Nettwerk Music Group
Je danse le Mia,IAM,Ombre Est Lumière,1993,60,false,2023-12-26T16:02:49Z,"rap français,r&b français",Anniversaire_Stéph_,non,0.833,0.785,0.578,0.54,0.00000346,0.152,103.004,-5.343,Parlophone (France)
Just You and I,Tom Walker,What a Time To Be Alive,2019-03-01,61,false,2023-12-26T16:24:23Z,,Love,non,0.567,0.696,0.544,0.456,0,0.301,92.061,-5.416,Relentless Records
JUSTE AMIS,THÉA,PANAME ŒSTROS POUBELLE,2023,0,true,2025-03-15T21:00:16Z,hyperpop,,oui,0.586,0.736,0.386,0.0376,0.00000265,0.254,94.456,-11.189,Pont Futur
KFC Santería,Cain Culto,KFC Santería,2025-03-13,53,true,2026-03-03T22:36:53Z,,,oui,0.829,0.691,0.569,0.0156,0.0032,0.178,99.97,-6.846,Hive Music
Killing In The Name,Rage Against The Machine,Rage Against The Machine - XX (20th Anniversary Special Edition),1992,82,true,2023-12-26T16:24:31Z,"rap metal,rap rock,metal alternatif,nu metal",L_&_P,non,0.466,0.833,0.661,0.0266,0,0.304,88.785,-4.215,Epic/Legacy
L'empire du côté obscur,IAM,L'école du micro d'argent,1997,58,false,2023-12-26T16:02:49Z,"rap français,r&b français",Anniversaire_Stéph_,non,0.815,0.847,0.819,0.0768,0.00000874,0.342,93.009,-6.352,Parlophone (France)
La Boulette (Génération Nan Nan),Diam's,Dans Ma Bulle,2006-02-03,66,false,2023-12-26T16:02:49Z,"r&b français,rap français",Anniversaire_Stéph_,non,0.943,0.584,0.659,0.281,0.0000012,0.304,98.996,-6.661,Parlophone (France)
La Chenille Synchro (La Cheu-Cheu),La Pig chenilliste,La Chenille Synchro (La Cheu-Cheu),2023-12-25,48,false,2024-02-24T16:34:14Z,,Anniversaire_Stéph_,non,0.75,0.898,0.71,0.0265,0,0.221,135.124,-3.459,Parlophone (France)
La fièvre,Suprême NTM,Paris sous les bombes,1995,52,true,2023-12-26T16:02:49Z,"rap français,r&b français",Anniversaire_Stéph_,non,0.783,0.703,0.608,0.0659,0,0.227,87.895,-8.091,Epic
le poisson steve,Tomo,le poisson steve,2025-04-06,51,false,2025-04-09T16:48:55Z,,,oui,0.925,0.635,0.8,0.193,0,0.172,120.098,-4.921,tomomp3
Let's Get Bubble Tea!,Dyan Tai,Let's Get Bubble Tea!,2024-07-31,18,false,2025-02-11T10:18:15Z,,,oui,0.887,0.907,0.538,0.0147,0,0.25,136.079,-5.101,Mandatory Music
Ma Benz (feat. Lord Kossity),Suprême NTM;Lord Kossity,Suprême NTM,1998-04-20,60,true,2023-12-26T16:02:49Z,"rap français,r&b français,ragga,zouk,dancehall",Anniversaire_Stéph_,non,0.899,0.449,0.608,0.137,0.000089,0.37,91.052,-5.501,Epic
Madness,JAXSON GAMBLE,Madness,2021-10-29,25,false,2023-12-26T16:23:27Z,,Anger,non,0.638,0.964,0.323,0.252,0.00000947,0.424,80,-1.991,Silver Side Productions
Maybe My Soulmate Died,iamnotshane,Maybe My Soulmate Died,2022-06-15,1,false,2023-12-26T16:26:27Z,pop d'auteur·e-compositeur·rice-interprète,Therapy,non,0.612,0.488,0.496,0.0753,0.00197,0.244,96.029,-9.993,Snafu Records
Monday,Imagine Dragons,Mercury - Act 1,2021-09-03,1,false,2025-02-18T08:47:23Z,,Taff,non,0.803,0.649,0.797,0.127,0.0000649,0.219,90.006,-5.842,Kid Ina Korner / Interscope
No Diggity,Blackstreet;Dr. Dre;Queen Pen,Another Level,1996-09-09,81,false,2023-12-26T16:02:49Z,"new jack swing,hip-hop old school,g-funk,gangster rap,hip-hop west coast,hip-hop,rap",Anniversaire_Stéph_,non,0.867,0.646,0.67,0.303,0,0.288,88.634,-4.674,Interscope
Nés sous la même étoile,IAM,L'école du micro d'argent,1997,57,false,2023-12-26T16:02:49Z,"rap français,r&b français",Anniversaire_Stéph_,non,0.814,0.908,0.759,0.115,0.00000712,0.296,92.989,-4.197,Parlophone (France)
OH MA PICHE,Piche,OH MA PICHE,2024-04-05,0,true,2024-11-12T10:52:45Z,,,oui,0.86,0.731,0.823,0.268,0.000275,0.183,121.049,-5.763,Warner Chappell Music France
Padam Padam,Kylie Minogue,Tension (Deluxe),2023-09-22,68,false,2024-01-04T15:49:22Z,dance-pop,My_Top_2023,oui,0.744,0.621,0.701,0.216,0.00119,0.242,128.105,-7.931,BMG Rights Management (UK) Ltd.
Paint The Town Red,Doja Cat,Paint The Town Red,2023-08-03,53,false,2024-01-04T15:49:22Z,,My_Top_2023,oui,0.841,0.558,0.746,0.255,0.0000065,0.246,99.959,-8.519,Kemosabe Records/RCA Records
People Everyday - Metamorphosis Mix,Arrested Development,Greatest Hits,2001-01-01,64,false,2023-12-26T16:02:49Z,,Anniversaire_Stéph_,non,0.844,0.609,0.725,0.0074,0,0.217,91.116,-10.675,EMI Gold
Pet Cheetah,Twenty One Pilots,Trench,2018-10-05,62,false,2025-08-11T11:23:53Z,,,oui,0.653,0.684,0.355,0.0615,0.000387,0.199,110.049,-7.052,Fueled By Ramen
Poor Unfortunate Souls,China Anne McClain;Disney,Descendants 2 (Original TV Movie Soundtrack),2017-07-21,45,false,2023-12-26T16:24:45Z,,Movie_night,non,0.593,0.672,0.22,0.0899,0,0.296,93.412,-6.08,Walt Disney Records
Quiero Arder,Agoney,Quiero Arder,2022-12-19,30,false,2023-12-26T16:24:07Z,,Eurovision | Musique_du_dimanche | My_Top_2023,non,0.696,0.854,0.27,0.0689,0.000013,0.306,119.999,-3.507,Universal Music Spain S.L.
Rapper's Delight,The Sugarhill Gang,The Sugarhill Gang - 30th Anniversary Edition (Expanded Version),2010-01-01,64,false,2023-12-26T16:02:49Z,"hip-hop old school,funk",Anniversaire_Stéph_,non,0.917,0.692,0.819,0.185,0.0000109,0.244,111.782,-11.665,Castle Communications
"Saami Saami (From ""Pushpa - The Rise"")(Tamil)",Devi Sri Prasad;Rajalakshmi Senthiganesh;Viveka,"Saami Saami (From ""Pushpa - The Rise"")(Tamil)",2021-10-28,49,false,2024-01-04T15:49:22Z,"pop en telougou,tollywood,dance tamil,pop tamil,kollywood",My_Top_2023,oui,0.814,0.806,0.869,0.271,0.000241,0.296,139.799,-6.461,Aditya Music
Shine,Broken Back,Smile Again,2023-10-13,37,false,2025-04-17T20:31:23Z,folk-pop,,oui,0.683,0.758,0.686,0.284,0,0.163,95.956,-7.29,Inside Records
Sober Up (Party Pupils Remix),AJR;Rivers Cuomo;Party Pupils,Sober up (Remix EP),2018-04-27,0,false,2025-02-18T08:47:10Z,,Taff,non,0.746,0.796,0.671,0.00265,0.00000226,0.274,102.948,-5.252,AJR Productions
SPANGLISH,Micah Palace,SPANGLISH,2024-03-28,6,false,2024-05-04T10:32:25Z,,,oui,0.881,0.832,0.917,0.525,0.000117,0.25,122.083,-3.339,Micah Palace
"Telephone Calls (feat. A$AP Rocky, Tyler, The Creator, Playboi Carti & Yung Gleesh)","A$AP Mob;A$AP Rocky;Tyler, The Creator;Playboi Carti;Yung Gleesh",Cozy Tapes: Vol. 1 Friends -,2016-10-31,55,true,2023-12-26T16:02:49Z,"rap,rage rap",Anniversaire_Stéph_,non,0.732,0.772,0.493,0.194,0.00000154,0.267,123.009,-6.142,A$AP Worldwide/Polo Grounds Music
Treat You Better,Shawn Mendes,Illuminate,2017-04-20,89,false,2023-12-26T16:24:04Z,,E_&_P,non,0.443,0.82,0.771,0.107,0,0.34,82.697,-4.091,Island Records
"TTYLXOX - From ""Shake It Up""",Bella Thorne,Shake It Up: Live 2 Dance (Deluxe Edition),2012-03-20,42,false,2023-12-26T16:24:45Z,,Movie_night,non,0.815,0.688,0.699,0.00336,0.249,0.17,112.022,-6.136,Walt Disney Records
Ur So F**kInG cOoL,Tones And I,Ur So F**kInG cOoL,2020-05-29,56,true,2024-01-04T15:49:22Z,,,oui,0.816,0.677,0.533,0.357,0,0.19,78.967,-4.067,Elektra (NEK)
12 Rounds,Bohnes,206: Act I,2018-03-03,54,false,2023-12-26T16:23:30Z,,ANTI | Anger,non,0.524,0.706,0.13,0.137,0,0.0771,143.187,-5.269,Nettwerk Music Group
2085,AJR,The Maybe Man,2023-11-10,53,true,2025-02-18T08:47:10Z,,Taff,non,0.405,0.524,0.216,0.435,0,0.0338,132.083,-6.714,Mercury Records / Republic Records
Addict With A Pen,Twenty One Pilots,Twenty One Pilots,2009-12-29,0,false,2025-02-18T08:47:34Z,,Taff,non,0.553,0.787,0.298,0.149,0.0000325,0.0931,139.841,-7.827,Twenty One Pilots
Adulto funcional,Carrera Blanca;Precariada,Adulto funcional,2023-02-23,0,false,2024-01-04T15:49:22Z,,My_Top_2023 | Spanish,oui,0.591,0.781,0.256,0.0846,0.000123,0.135,165.005,-6.727,Creando Espacio
All I Want For Christmas Is You,Until I Wake,All I Want For Christmas Is You,2021-12-09,17,false,2023-12-26T16:26:08Z,metalcore,Noël,non,0.353,0.888,0.187,0.0406,0.000571,0.0989,159.082,-5.488,Fearless Records
Atlantis,Seafret,Tell Me It's Real (Expanded Edition),2016-01-29,83,false,2024-01-04T15:48:08Z,,Favs | My_Top_2023 | Sadness,non,0.4,0.479,0.213,0.0529,0.00000214,0.0308,166.159,-7.989,Sweet Jane Recordings
Back On 74,Jungle,Volcano,2023-08-11,82,false,2024-04-01T21:30:34Z,,A&P | Musique_du_dimanche,non,0.62,0.761,0.194,0.207,0.000147,0.175,146.003,-7.282,Caiola Records
Battle Cry,Imagine Dragons,Smoke + Mirrors (Deluxe),2015-10-16,58,false,2025-02-18T08:47:23Z,,Taff,non,0.234,0.909,0.0399,0.0438,0.00461,0.12,129.929,-6.856,Kid Ina Korner / Interscope
Bleeding Out,Imagine Dragons,Night Visions,2012-09-04,56,false,2025-02-18T08:47:23Z,,Taff,non,0.287,0.754,0.285,0.0198,0.00000133,0.0743,169.336,-4.077,Kid Ina Korner / Interscope
Boys Will Be Bugs,Cavetown,Animal Kingdom: Comet,2018-12-11,40,true,2023-12-26T16:23:54Z,bedroom pop,Ballad,non,0.486,0.528,0.452,0.00387,0.000014,0.0463,178.519,-11.722,Oat Milk Industries and Many Hats Endeavors
Break My Face,AJR,Neotheater,2019-04-26,0,false,2025-02-18T08:47:10Z,,Taff,non,0.451,0.661,0.444,0.00321,0,0.0976,180.133,-6.961,BMG Rights Management (US) LLC
Breath Of Life,Florence + The Machine,Ceremonials,2011,55,false,2023-12-26T16:26:23Z,pop baroque,Strong,non,0.463,0.763,0.301,0.00305,0.000668,0.0409,146.089,-7.37,Universal-Island Records Ltd.
Bury Me Low,8 Graves,Black,2019-02-22,0,false,2023-12-26T16:23:30Z,,ANTI,non,0.533,0.824,0.39,0.231,0.00000519,0.101,155.075,-4.2,Independent
Comme un idiot,Le trottoir,L’Homme à l’Aune,2023-04-14,14,false,2023-12-26T16:26:18Z,variété française,Soirée_Parisienne,non,0.515,0.627,0.484,0.00321,0.24,0.089,167.993,-5.6,K.I.F. Music
Creatures in Heaven,Glass Animals,Creatures In Heaven,2024-04-03,59,false,2024-05-08T11:55:42Z,,Musique_du_dimanche,oui,0.513,0.687,0.409,0.47,0,0.0611,160.052,-6.63,Polydor Records
Delirium (XI),Lloyd,Black Haze,2019-04-12,1,false,2023-12-26T16:24:31Z,,L_&_P,non,0.201,0.572,0.0902,0.0679,0.156,0.0389,166.92,-7.175,LLOYD
"Determinate - From ""Lemonade Mouth""",Adam Hicks;Bridgit Mendler;Naomi Scott;Hayley Kiyoko,Lemonade Mouth,2011-01-01,66,false,2023-12-26T16:24:45Z,,Movie_night,non,0.562,0.768,0.218,0.00361,0,0.0488,139.968,-5.006,Walt Disney Records
Dirt,Keane,Dirt,2021-08-13,39,false,2023-12-26T16:24:31Z,,L_&_P,non,0.478,0.586,0.386,0.398,0,0.0363,143.986,-7.065,Universal-Island Records Ltd.
Dog Days Are Over,Florence + The Machine,Lungs (Deluxe Version),2009,83,false,2024-01-04T15:49:22Z,pop baroque,,oui,0.501,0.809,0.258,0.0338,0.00602,0.0938,149.964,-5.264,Universal-Island Records Ltd.
Doomsday Blue,Bambie Thug,Cathexis,2023-10-13,55,false,2024-05-30T06:05:45Z,,,oui,0.487,0.846,0.16,0.00705,0.285,0.049,130.008,-7.123,HAUS OF THUG
Dusk Till Dawn (feat. Sia) - Radio Edit,ZAYN;Sia,Icarus Falls,2018-12-14,83,false,2023-12-26T16:24:04Z,,E_&_P,non,0.259,0.437,0.0951,0.102,0.00000132,0.0386,180.042,-6.589,RCA Records Label
Fireflies,Owl City,Ocean Eyes,2009-01-01,81,false,2023-12-26T16:26:33Z,,Throwback,non,0.512,0.662,0.472,0.0275,0,0.0439,180.114,-6.797,Universal Records
For Elise,Saint Motel,saintmotelevision,2016-10-21,59,false,1970-01-01T00:00:00Z,,Daily_Mix_1,non,0.492,0.504,0.262,0.238,0,0.0473,152.855,-6.322,Elektra (NEK)
Genesis,Grimes,Visions,2012-03-12,75,false,2024-08-02T08:31:17Z,art pop,,oui,0.611,0.677,0.233,0.0764,0.0698,0.034,166.04,-6.745,4AD
Golden Dandelions,Barns Courtney,The Attractions Of Youth,2017-09-29,57,false,1970-01-01T00:00:00Z,,Daily_Mix_3,non,0.464,0.924,0.373,0.0218,0,0.0919,139.442,-6.022,EMI
Hayloft II,Mother Mother,Inside (Deluxe),2022-01-28,75,false,2024-12-16T07:03:21Z,,,oui,0.326,0.866,0.172,0.0044,0.00000737,0.101,178.181,-4.541,WM Canada
Hell Froze Over,Kodaline,Politics of Living,2018-09-28,44,false,2024-01-04T15:49:22Z,,,oui,0.37,0.868,0.291,0.0109,0,0.154,152.95,-3.308,B-Unique/RCA
Here We Go,WILD,Here We Go,2018-06-08,57,false,2024-01-04T15:49:22Z,folk-pop,,oui,0.546,0.721,0.353,0.0568,0.0000719,0.0277,144.975,-6.593,Nettwerk Music Group
Hooked,Why Don't We,8 Letters,2018-08-31,64,false,2023-12-26T16:24:04Z,,E_&_P,non,0.623,0.624,0.347,0.0941,0,0.0595,180.016,-5.469,Atlantic Records
I Don't Even Care About You,MISSIO,Loner,2017-05-19,47,false,2023-12-26T16:23:30Z,,ANTI,non,0.539,0.704,0.185,0.000708,0.00368,0.045,145.056,-6.861,RCA Records Label
I See You,MISSIO,The Darker The Weather // The Better The Man,2019-04-12,52,false,2024-01-04T15:49:22Z,,,oui,0.466,0.781,0.383,0.000483,0.000141,0.0567,169.97,-6.76,RCA Records Label
I Won't,AJR,The Maybe Man,2023-11-10,54,true,2025-02-18T08:47:10Z,,Taff,non,0.387,0.745,0.449,0.0186,0,0.184,161.873,-6.226,Mercury Records / Republic Records
I'm Wicked,Twin Temple,Twin Temple (Bring You Their Signature Sound.... Satanic Doo-Wop),2018-07-13,39,false,2025-11-12T07:20:10Z,,,oui,0.251,0.5,0.214,0.337,0.184,0.0325,186.061,-4.799,Pentagrammaton Records
Inertia - Acoustic,AJR,Inertia (Acoustic),2024-05-24,48,true,2025-02-18T08:47:10Z,,Taff,non,0.414,0.401,0.339,0.315,0,0.0291,174.939,-6.862,Mercury Records / Republic Records
It's Ok,Imagine Dragons,Mercury - Act 1,2021-09-03,0,false,2025-02-18T08:47:23Z,,Taff,non,0.502,0.322,0.168,0.0146,0,0.039,185.655,-7.59,Kid Ina Korner / Interscope
I’ll Make It Up To You,Imagine Dragons,Evolve,2017-06-23,0,false,2025-02-18T08:47:23Z,,Taff,non,0.334,0.694,0.166,0.0101,0.0313,0.0961,176.897,-7.41,Kid Ina Korner / Interscope
I’m So Sorry,Imagine Dragons,Smoke + Mirrors,2014-09-18,65,false,2025-02-18T08:47:23Z,,Taff,non,0.524,0.679,0.37,0.131,0,0.0565,142.588,-6.01,Kid Ina Korner / Interscope
Je t'emmènerai,St Graal,Je t'emmènerai,2024-03-14,46,false,2024-03-14T19:06:15Z,"pop française,pop française indie",A&P | Musique_du_dimanche,oui,0.495,0.55,0.409,0.00543,0.017,0.0594,159.958,-8.303,Glory Box Music
Joe,AJR,OK ORCHESTRA,2021-03-26,0,false,2025-02-18T08:47:10Z,,Taff,non,0.536,0.479,0.446,0.264,0,0.0933,153.62,-8.609,S-Curve Records
Karma,AJR,Neotheater,2019-04-26,54,false,1970-01-01T00:00:00Z,,Daily_Mix_1,non,0.528,0.727,0.212,0.0557,0,0.179,155.927,-5.739,Black Butter
Karma,AJR,Neotheater,2019-04-26,0,false,2025-02-18T08:47:10Z,,Taff,non,0.528,0.727,0.212,0.0557,0,0.179,155.927,-5.739,BMG Rights Management (US) LLC
L'avion,St Graal,Le cœur qui cogne,2023-03-31,31,false,2023-12-26T16:26:04Z,"pop française,pop française indie",My_Top_2023 | Soirée_Parisienne,non,0.564,0.514,0.0962,0.0323,0.00000946,0.0547,171.89,-7.129,Glory Box Music
Le chemin (Lenie & Pierre),Star Academy,L'album de la promo 2023,2024-03-01,31,false,2024-10-18T17:31:56Z,"variété française,chanson,pop française",J&P,non,0.486,0.766,0.24,0.315,0,0.0731,159.833,-5.182,Columbia
Les oiseaux,Renard Tortue,Les oiseaux,2023-06-23,22,false,2024-06-02T15:03:47Z,"pop française indie,pop française",Musique_du_dimanche,oui,0.465,0.73,0.489,0.663,0.00000337,0.167,179.942,-6.582,Jo&Co
Love On The Brain,Rihanna,ANTI (Deluxe),2016-01-28,88,true,2023-12-26T16:26:33Z,,Throwback,non,0.509,0.637,0.379,0.0717,0.0000108,0.047,172.007,-4.83,Roc Nation / Rihanna
Mercy,Shawn Mendes,Illuminate (Deluxe),2017-04-20,83,false,2023-12-26T16:24:04Z,,E_&_P,non,0.554,0.662,0.338,0.126,0,0.0821,148.122,-4.957,Island Records
Modern Day Cain,I DONT KNOW HOW BUT THEY FOUND ME,Modern Day Cain,2017-08-18,49,false,1970-01-01T00:00:00Z,,Daily_Mix_3,non,0.44,0.801,0.45,0.00299,0.000098,0.0988,160.025,-6.426,NONE YOU JERK RECORDS
Monster,Willyecho,Monster,2019-01-15,1,false,2024-01-04T15:49:22Z,,,oui,0.572,0.698,0.384,0.29,0,0.0742,139.774,-6.102,Willyecho
Monster,Imagine Dragons,Smoke + Mirrors (Deluxe),2015-10-16,64,false,2025-02-18T08:47:23Z,,Taff,non,0.472,0.774,0.443,0.168,0.00028,0.0825,179.943,-5.383,Kid Ina Korner / Interscope
Movement,Hozier,"Wasteland, Baby!",2019-03-01,66,false,2024-03-20T08:23:13Z,,A&P,oui,0.381,0.502,0.148,0.16,0.0000698,0.037,144.204,-5.505,Universal-Island Records Ltd.
Mr. Brightside,The Killers,Hot Fuss,2004,93,false,2024-01-31T23:50:25Z,rock alternatif,,oui,0.352,0.911,0.236,0.00121,0,0.0747,148.033,-5.23,Island Records
Navigating,Twenty One Pilots,Clancy,2024-05-24,70,false,1970-01-01T00:00:00Z,,Daily_Mix_1 | Taff,non,0.426,0.869,0.328,0.00336,0,0.14,165.998,-4.361,Fueled By Ramen
"New Person, Same Old Mistakes",Tame Impala,Currents,2015-07-17,85,false,2023-12-26T16:26:34Z,"musique néo-psychédélique,indie",Universe,non,0.47,0.809,0.49,0.272,0.00671,0.0495,151.836,-6.74,Universal Music Australia Pty. Ltd.
Next Semester,Twenty One Pilots,Clancy,2024-05-24,69,false,1970-01-01T00:00:00Z,,Daily_Mix_1 | Taff,non,0.234,0.823,0.127,0.0225,0.000017,0.135,174.916,-5.042,Fueled By Ramen
Next To Me,Imagine Dragons,Evolve,2017-06-23,0,false,2025-02-18T08:47:23Z,,Taff,non,0.296,0.683,0.398,0.284,0.0000774,0.0632,171.365,-4.413,Kid Ina Korner / Interscope
Not Giving In,Tom Walker,What a Time To Be Alive,2019-03-01,43,false,2024-01-04T15:49:22Z,,,oui,0.471,0.724,0.485,0.632,0,0.0873,159.961,-7.174,Relentless Records
OK Overture,AJR,OK ORCHESTRA,2021-03-26,0,true,2025-02-18T08:47:10Z,,Taff,non,0.427,0.454,0.351,0.262,0.0000153,0.0535,138.515,-8.603,S-Curve Records
Overture,AJR,The Click (Deluxe Edition),2018-09-21,0,false,2025-02-18T08:47:10Z,,Taff,non,0.381,0.65,0.312,0.132,0.00000119,0.038,132.184,-4.266,AJR Productions
Polaroid,Imagine Dragons,Smoke + Mirrors (Deluxe),2015-10-16,46,false,2025-02-18T08:47:23Z,,Taff,non,0.423,0.603,0.258,0.516,0.00000186,0.0494,155.207,-6.832,Kid Ina Korner / Interscope
Radioactive,Imagine Dragons,Night Visions,2012-09-04,81,false,2023-12-26T16:02:49Z,,Anniversaire_Stéph_,non,0.448,0.784,0.237,0.0999,0.000108,0.0625,136.239,-3.686,Kid Ina Korner / Interscope
Radioactive,Imagine Dragons,Night Visions,2012-09-04,75,false,2025-02-18T08:47:23Z,,Taff,non,0.448,0.784,0.237,0.0999,0.000108,0.0625,136.239,-3.686,Kid Ina Korner / Interscope
Raging on a Sunday,Bohnes,206: Act II,2018-11-23,65,true,2023-12-26T16:23:30Z,,ANTI | Anger,non,0.48,0.83,0.47,0.129,0.000633,0.071,149.878,-6.665,Nettwerk Music Group
Razzmatazz,I DONT KNOW HOW BUT THEY FOUND ME,RAZZMATAZZ,2020-10-23,53,false,1970-01-01T00:00:00Z,,Daily_Mix_3,non,0.397,0.675,0.471,0.0101,0.000017,0.0344,155.032,-4.788,Fearless Records
Real Life,Imagine Dragons,Origins (Deluxe),2018-11-09,51,false,2025-02-18T08:47:23Z,,Taff,non,0.262,0.562,0.123,0.0144,0.00643,0.0456,195.556,-7.987,Kid Ina Korner / Interscope
Religion,Isak Danielson,Remember To Remember Me,2020-04-17,41,false,2024-01-04T15:49:22Z,,,oui,0.391,0.594,0.438,0.0537,0,0.0399,140.526,-6.608,Universal Music AB
Resistance,Muse,The Resistance,2009-09-10,67,false,2023-12-26T16:02:49Z,"rock alternatif,rock",Anniversaire_Stéph_,non,0.467,0.774,0.0916,0.0616,0.289,0.0485,135.006,-6.569,Warner Records
Resto Basket,St Graal,Resto Basket,2023-11-22,32,false,2024-02-12T21:53:16Z,"pop française,pop française indie",A&P | Musique_du_dimanche | Soirée_Parisienne,non,0.417,0.675,0.259,0.034,0.00000847,0.0569,166.167,-7.401,Glory Box Music
Second Chances,Imagine Dragons,Smoke + Mirrors (Deluxe),2015-10-16,41,false,2025-02-18T08:47:23Z,,Taff,non,0.402,0.567,0.362,0.171,0.00797,0.0355,171.06,-9.131,Kid Ina Korner / Interscope
"She - She / English Version 1 - Theme from the TV Series ""Seven faces of Woman""",Charles Aznavour,A Tapestry Of Dreams,1974-01-01,61,false,2025-08-27T15:30:43Z,"chanson,variété française,jazz français",,oui,0.359,0.493,0.332,0.371,0,0.0293,128.238,-5.439,Universal Music Division Barclay
Silence,Marshmello;Khalid,Silence,2017-08-11,80,false,2023-12-26T16:26:11Z,edm,Sadness,non,0.52,0.761,0.286,0.256,0.00000496,0.0853,141.971,-3.093,Joytime Collective/RCA Records
Somewhere Only We Know,Keane,Hopes And Fears,2004-05-10,88,false,2023-12-26T16:24:31Z,,L_&_P,non,0.448,0.665,0.304,0.06,0.0000255,0.026,172.004,-4.203,Universal-Island Records Ltd.
Steady Hand,Saint Motel,Steady Hand,2024-10-11,32,false,2025-07-17T07:31:48Z,,,oui,0.328,0.463,0.149,0.238,0,0.0344,133.703,-6.931,Elektra (NEK)
Stronger,The Score,Pressure,2019-02-01,57,false,2023-12-26T16:23:27Z,,Anger,non,0.267,0.67,0.114,0.0232,0,0.0807,191.883,-4.688,Republic Records
Stronger Than Ever,Raleigh Ritchie,"You're a Man Now, Boy (Deluxe)",2016-02-26,43,false,2023-12-26T16:24:32Z,,Motivation,non,0.432,0.748,0.172,0.201,0.0000043,0.0406,122.446,-5.023,Columbia
Survivor,The Score,Survivor,2024-01-26,42,false,2024-01-26T05:05:09Z,,,oui,0.451,0.726,0.145,0.000496,0.000258,0.0338,138.611,-4.466,The Score
Sweet Disposition,The Temper Trap,Conditions,2009-08-10,78,false,2024-01-04T15:49:22Z,,,oui,0.542,0.813,0.305,0.0765,0.252,0.0429,129.09,-6.89,Infectious Music
Tainted Love,Royal Deluxe,The Cover Up,2023-01-19,0,false,2024-01-04T15:49:22Z,,,oui,0.512,0.676,0.281,0.00447,0.166,0.0509,135.157,-6.82,Position Music
Take It Easy,Imagine Dragons,Mercury - Acts 1 & 2,2022-07-01,47,false,2025-02-18T08:47:23Z,,Taff,non,0.391,0.65,0.296,0.0345,0,0.038,171.859,-4.974,Kid Ina Korner / Interscope
Tatiana,La Femme,Mystère,2016-09-02,58,false,2026-02-27T11:08:35Z,"pop française indie,pop française,house française",,oui,0.527,0.713,0.163,0.00243,0.0000073,0.145,177.115,-6.855,Disque Pointu
Television / So Far So Good,Rex Orange County,Apricot Princess,2017-04-26,78,true,2024-01-04T15:49:22Z,bedroom pop,,oui,0.403,0.505,0.32,0.592,0,0.0463,164.902,-7.75,Rex Orange County
The Craving - single version,Twenty One Pilots,The Craving,2024-05-22,60,false,2025-02-18T08:47:34Z,,Taff,non,0.538,0.661,0.419,0.398,0,0.0321,159.617,-5.302,Fueled By Ramen
The DJ is Crying for Help,AJR,The Maybe Man,2023-11-10,51,true,2025-02-18T08:47:10Z,,Taff,non,0.518,0.679,0.362,0.0439,0.00000171,0.058,145.023,-6.186,Mercury Records / Republic Records
The Fear,The Score,Pressure,2019-02-01,61,false,2023-12-26T16:24:32Z,,Motivation,non,0.498,0.628,0.218,0.00686,0,0.0317,138.099,-5.709,Republic Records
THE LONELIEST,Måneskin,THE LONELIEST,2022-10-07,68,false,2024-01-11T19:00:09Z,,,oui,0.519,0.595,0.237,0.00151,0,0.0283,129.786,-5.001,Epic
Thief,Imagine Dragons,Smoke + Mirrors (Deluxe),2015-10-16,44,false,2025-02-18T08:47:23Z,,Taff,non,0.418,0.715,0.129,0.00277,0.0000223,0.042,149.954,-5.75,Kid Ina Korner / Interscope
Thunder,Imagine Dragons,Evolve,2017-06-23,3,false,2025-02-18T08:47:23Z,,Taff,non,0.604,0.826,0.241,0.00782,0.15,0.0434,167.985,-4.804,Kid Ina Korner / Interscope
Thunder / Young Dumb & Broke (with Khalid) - Medley,Imagine Dragons;Khalid,Thunder / Young Dumb & Broke (with Khalid) [Medley],2017-12-20,61,false,2024-01-04T15:49:22Z,,Taff,oui,0.439,0.681,0.3,0.101,0.000232,0.15,168.082,-5.516,Kid Ina Korner / Interscope
Totally Spiced,La Loutre;R1,Totally Spiced,2021-03-19,14,false,2024-11-03T18:26:56Z,,,oui,0.489,0.914,0.337,0.289,0.328,0.0424,170.072,-7.547,Independent
Trouble,Imagine Dragons,Smoke + Mirrors,2014-09-18,38,false,2025-02-18T08:47:23Z,,Taff,non,0.402,0.89,0.302,0.333,0.00283,0.109,159.924,-5.31,Kid Ina Korner / Interscope
Unstoppable,Sia,This Is Acting (Deluxe Version),2016-10-21,80,false,2023-12-26T16:02:49Z,,Anniversaire_Stéph_,non,0.468,0.779,0.26,0.112,0.000373,0.0779,173.799,-4.839,Monkey Puzzle Records/RCA Records
verdigris,SERAPHINE NOIR;Mauricesax,verdigris,2025-05-16,40,false,2025-05-20T12:42:53Z,"jazz fusion,jazz house,beats jazz,nu jazz,jazz rap",,oui,0.353,0.915,0.187,0.0729,0.027,0.121,150.067,-4.704,Seraphine Noir
Waves,Dean Lewis,A Place We Knew,2019-03-22,74,false,2024-01-04T15:49:22Z,,,oui,0.519,0.731,0.338,0.184,0,0.0449,156.878,-7.192,Universal Music Australia Pty. Ltd.
whatthehellishappening?,Glass Animals,I Love You So F***ing Much,2024-07-19,54,true,2024-08-06T12:15:39Z,,,oui,0.53,0.739,0.538,0.442,0,0.0523,138.079,-6.551,Polydor Records
Who We Are,Imagine Dragons,Smoke + Mirrors (Deluxe),2015-10-16,52,false,2025-02-18T08:47:23Z,,Taff,non,0.407,0.654,0.39,0.00744,0.259,0.0415,173.954,-7.09,Kid Ina Korner / Interscope
Wild Wild Son,Armin van Buuren;Sam Martin,Wild Wild Son,2018-10-12,39,false,2024-01-04T15:49:22Z,"trance,trance progressive,house progressive,electronica,edm",,oui,0.446,0.573,0.167,0.0416,0,0.0279,135.96,-5.081,Armada Music
World Gone Mad,Bastille,World Gone Mad (From Bright: The Album),2017-11-09,52,true,2023-12-26T16:26:11Z,,Sadness,non,0.505,0.68,0.362,0.283,0,0.0336,139.843,-3.423,Atlantic Records
3AM,AJR,Infinity - EP,2014-09-23,0,false,2025-02-18T08:47:10Z,,Taff,non,0.515,0.428,0.332,0.715,0.00000954,0.0736,180.003,-11.088,AJR Productions/Warner Records
Au bout du monde,Younsss;Candice,Au bout du monde,2023-06-13,40,true,2023-12-26T16:26:18Z,,Soirée_Parisienne,non,0.721,0.23,0.577,0.856,0,0.15,142.461,-14.491,Argentic Music / Capitol
Bouche à bouche,Yann;Bagarre,Bouche à bouche / Paradise,2025-01-24,35,false,2026-04-29T05:26:26Z,"pop française,pop française indie",,oui,0.758,0.289,0.557,0.0601,0.167,0.175,132.999,-18.964,DADA PRODUCTION
Call My Dad,AJR,The Click (Deluxe Edition),2018-09-21,0,true,2025-02-18T08:47:10Z,,Taff,non,0.591,0.203,0.365,0.744,0,0.242,136.042,-10.736,AJR Productions
Dream Sweet in Sea Major,Miracle Musical,Hawaii: Part II,2012-12-12,72,false,2026-05-06T08:43:55Z,,,oui,0.341,0.428,0.188,0.919,0.0675,0.0414,169.896,-11.193,ミラクルミュージカル
DtMF,Bad Bunny,DeBÍ TiRAR MáS FOToS,2025-01-05,97,true,2025-02-11T17:15:37Z,"reggaeton,trap latino,latino,urbano latino",,oui,0.625,0.131,0.032,0.177,0.218,0.0717,136.02,-27.405,Rimas Entertainment LLC.
Glimpse of Us,Joji,Glimpse of Us,2022-06-10,8,false,2023-12-26T16:26:11Z,,Sadness,non,0.44,0.317,0.268,0.891,0.00000478,0.0531,169.914,-9.258,88rising Music/Warner Records
Homegrown,Haux,All We've Known,2016-11-08,51,false,2026-04-24T18:45:36Z,,,oui,0.656,0.334,0.22,0.757,0.389,0.0414,120.038,-13.682,"Ultra Records, LLC"
I Can't Carry This Anymore,Anson Seabra,I Can't Carry This Anymore,2019-01-11,58,false,2023-12-26T16:26:11Z,,Sadness,non,0.451,0.0873,0.456,0.907,0.00000246,0.063,166.603,-16.815,Seabra Songs
I Lost a Friend,FINNEAS,Blood Harmony,2019-10-04,0,false,2023-12-26T16:26:11Z,,Sadness,non,0.453,0.208,0.218,0.585,0,0.22,169.326,-11.917,OYOY
I Put a Spell on You / Hocus Pocus,Andrea Mazzarino,I Put a Spell on You / Hocus Pocus,2018-10-22,22,false,2024-10-26T21:00:34Z,,J&P,non,0.437,0.406,0.556,0.738,0,0.245,169.605,-13.621,Alpha Records
i wanna be your girlfriend,girl in red,i wanna be your girlfriend,2018-03-02,75,true,2023-12-26T16:24:23Z,bedroom pop,Love,non,0.541,0.382,0.343,0.0215,0.000836,0.035,155.901,-14.323,world in red
I Wanna Be Yours,Red Band;אודיה,I Wanna Be Yours,2023-02-05,31,false,2023-12-26T16:24:23Z,musique mizrahi,Love,non,0.422,0.329,0.478,0.388,0,0.0757,145.755,-12.234,Helicon Aroma Music Ltd. / My Tv
If I Ever Fall In Love,Shai,If I Ever Fall In Love,1992-01-01,62,false,2023-12-26T16:02:49Z,"new jack swing,quiet storm,r&b",Anniversaire_Stéph_,non,0.402,0.205,0.42,0.758,0,0.038,143.994,-11.232,Gasoline Alley
Inside of a Dream,Cult Of Luna;Mark Lanegan,The Raging River,2021-02-05,15,false,2023-12-26T16:24:04Z,"sludge metal,post-rock,drone metal,stoner metal,doom metal,metal progressif,drone,southern gothic,grunge",E_&_P,non,0.286,0.148,0.0375,0.692,0.0204,0.0408,137.206,-17.395,Red Creek
Kiss,Eddy de Pretto;Yseult,À TOUS LES BÂTARDS,2021-09-01,49,false,2023-12-26T16:26:04Z,"pop française,variété française,house française,chanson,pop française indie,r&b français",My_Top_2023 | Soirée_Parisienne,non,0.62,0.458,0.229,0.794,0,0.144,139.925,-11.499,Universal Music Division Virgin Records
L'amour brille sous les étoiles,Emmanuel Curtil;Jean-Philippe Puymartin;Michel Elias;Maïdi Roth;Mimi Felinie,The Lion King: Special Edition Original Soundtrack (French Version),2003-01-01,50,false,2023-12-26T16:24:45Z,,Movie_night,non,0.337,0.252,0.475,0.729,0,0.0423,141.782,-13.966,Disney Records (Europe)
Let It Go,James Bay,Chaos And The Calm,2015-03-20,71,false,2023-12-26T16:26:11Z,,Sadness,non,0.536,0.311,0.246,0.82,0.0000165,0.0288,147.486,-10.396,Mercury Records/Republic Owned
MASCULINITY,LUCKY LOVE,I DON'T CARE IF IT BURNS,2024-11-15,49,true,2026-04-29T05:26:17Z,,,oui,0.573,0.393,0.23,0.901,0.0000711,0.0335,132.872,-11.579,Belem Music / Turenne Music
"Minuet in G Major, BWV Anh. 114 (Attrib. J. S. Bach) [Arr. for Violin & Piano]",Johann Sebastian Bach;Takako Nishizaki;Terence Dennis,"Takako Nishizaki Plays Suzuki Evergreens, Vol. 1",2010-05-25,30,false,2025-10-22T12:13:18Z,"baroque,classique,piano classique,concerto,musique ancienne",No_talk,non,0.396,0.0986,0.768,0.986,0.0529,0.0419,127.683,-15.637,Naxos
Nuit,Jen,Nuit,2023-11-19,29,false,2024-02-28T13:20:38Z,,A&P,non,0.461,0.21,0.0775,0.689,0,0.0341,140.176,-13.095,Acacia Music
Otherside,Perfume Genius,No Shape,2017-05-05,44,false,2023-12-26T16:26:34Z,art pop,Universe,non,0.279,0.137,0.206,0.906,0.000494,0.0381,142.848,-11.45,Matador
Oublie pas ok ?,Colt,Mille vies,2023-09-22,39,false,2023-12-26T16:26:04Z,pop française,My_Top_2023 | Soirée_Parisienne,non,0.631,0.382,0.331,0.827,0.015,0.0696,134.938,-12.93,GASPARD ASBL
Release,Imagine Dragons,Smoke + Mirrors (Deluxe),2015-10-16,41,false,2025-02-18T08:47:23Z,,Taff,non,0.379,0.397,0.408,0.86,0.0000121,0.0292,138.356,-11.247,Kid Ina Korner / Interscope
Santa,Cupido,Sobredosis De Amor,2022-05-26,42,false,2023-12-26T16:26:04Z,,My_Top_2023 | Spanish,non,0.527,0.596,0.483,0.348,0,0.0692,169.929,-12.554,Universal Music Spain S.L.
stupid games,Mad Tsai,homecoming!,2022-03-10,0,false,2023-12-26T16:26:27Z,,Therapy,non,0.501,0.398,0.689,0.568,0,0.0648,178.064,-12.512,Mad Tsai
that friend,Mad Tsai,that friend,2021-07-01,0,false,2023-12-26T16:26:27Z,,Therapy,non,0.685,0.226,0.361,0.552,0,0.371,116.815,-16.423,Mad Tsai
The Craving (Jenna's version),Twenty One Pilots,Clancy,2024-05-24,60,false,2025-02-18T08:47:34Z,,Taff,non,0.657,0.226,0.393,0.853,0,0.0465,159.596,-9.39,Fueled By Ramen
The Night We Met,Lord Huron,Strange Trails,2015-04-06,54,false,2024-01-04T15:49:22Z,,Sadness,oui,0.448,0.369,0.0998,0.968,0.272,0.0452,174.097,-9.514,Play It Again Sam
They Don't Know You Like I Do,Imagine Dragons,Mercury - Acts 1 & 2,2022-07-01,47,false,2025-02-18T08:47:23Z,,Taff,non,0.356,0.167,0.164,0.192,0,0.0353,149.675,-9.355,Kid Ina Korner / Interscope
Truce,Twenty One Pilots,Vessel,2013-01-08,59,false,2025-02-18T08:47:34Z,,Taff,non,0.537,0.0231,0.342,0.994,0.0471,0.0475,120.322,-14.407,Fueled By Ramen
Turning Out Pt. iii,AJR,The Maybe Man,2023-11-10,49,true,2025-02-18T08:47:10Z,,Taff,non,0.348,0.377,0.42,0.712,0,0.0435,203.102,-7.849,Mercury Records / Republic Records
Une femme avec une femme,Mecano,Descanso Dominical / Une Femme Avec Une Femme,1988,45,false,2023-12-26T16:26:18Z,"rock en español,pop latino",Soirée_Parisienne,non,0.47,0.3,0.156,0.847,0.00000556,0.0395,145.22,-14.771,BMG Rights Management and Administration (Spain) S.L.U
Wait,M83,"Hurry up, We're Dreaming",2011-10-17,73,false,2023-12-26T16:26:34Z,,Universe,non,0.426,0.228,0.0822,0.198,0.13,0.0322,147.994,-10.552,M83 Recording Inc
